video_id,category,days_observed,first_age_days,first_daily_views,last_views,half_life_days
-0CMnp02rNY,entertainment,5,2.46,129541,800359,1.051
-35jibKqbEo,music,7,1.29,320246,2425578,
-37nIo_tLnk,sports,7,2933.02,124,3170,2.336
-3h4Xt9No9o,news,9,1.49,79513,373184,1.932
-3nEHRN6IPg,howto,4,4.31,6617,266142,3.68
-4s2MeUgduo,science_tech,12,2.34,38002,437732,3.896
-5aaJJQFvOg,music,10,2.08,118823,1168351,5.597
-7UzyXO-mzk,pets,5,1.5,654860,2620061,2.476
-7_ATlZ-zMc,sports,14,3.14,629170,3510260,2.183
-BDImdAfodA,music,5,2.63,197628,1307790,6.981
-BQJo3vK8O8,music,10,6.54,3749074,87264467,167.145
-C5q3oir8gA,entertainment,6,1.54,138285,834586,3.083
-C_rvt0SwLE,music,7,1.29,2015734,11773962,9.606
-EL8TuMsb-k,howto,13,6.0,11890,565288,16.145
-El8z4uy5Ac,comedy,5,1.29,194320,639982,1.317
-HoAafTYR9w,news,4,3.05,1969,50669,2.313
-HrakxB4Klo,science_tech,4,2.03,12238,125684,1.973
-L4RYm9Tq7I,news,4,4.4,15617,182121,2.647
-NEhvlJA5q8,news,4,2.26,15642,330827,0.534
-NIP2zgVsRY,pets,6,2.54,113127,837697,1.995
-NcG4L0pwvE,howto,5,3.04,26277,422918,3.747
-Qv6p6pTz5I,entertainment,5,1.71,2069514,8955556,2.064
-R9F2_D76TE,education,11,2.98,44961,359141,2.437
-RmUADCWI4A,sports,6,2.04,1185420,14107720,41.263
-SIp6xSP7ds,news,7,1.48,190464,540227,1.327
-TQpVg4vcrk,comedy,8,1.23,112624,477269,5.985
-VgOGzBcMIg,entertainment,6,1.92,113449,440020,1.442
-WedqN1iYbM,music,4,2.22,9165,49638,1.076
-YRlVB6Qgug,entertainment,6,1.42,220190,723523,1.571
-_jlqATo9eo,entertainment,7,0.81,14864,27659,1.021
-e-xXN-tcFU,music,21,3.42,34347,681328,
-kETYvHON_I,education,6,1.35,144064,597049,1.233
-kTWIm7m4Uw,comedy,26,2.06,280961,3440148,6.798
-lgcAySBbTA,people_blogs,4,1.77,1180130,4518449,2.852
-mvfLtZTe3Q,news,4,1.34,252581,443498,0.493
-nbm90xAhWY,entertainment,5,1.46,59078,249572,1.207
-o7zywbiFVI,news,5,1.28,38816,97024,0.64
-oCQn2VkStI,science_tech,6,0.96,185767,379176,1.075
-oOlAGKBXnA,comedy,6,2.03,341883,1618811,1.396
-oXybog2IuI,education,5,1.33,8829,38775,2.005
-p-PToD2URA,science_tech,10,1.38,219383,1891032,1.939
-p2lhxUqMMQ,education,5,1.23,144276,398058,1.111
-ppaazmNIgA,entertainment,4,1.37,150060,588513,1.091
-rZkKvRZ0UE,science_tech,4,2.17,47928,159575,0.786
-s3j-ptJD10,education,11,2.35,72038,817600,2.551
-t1q78GYNww,howto,4,7.0,1758,133022,4.617
-txKpma65ZU,people_blogs,6,1.71,81505,457513,2.776
-v-_Z11T5L4,film,6,1.63,25281,83301,1.352
-xAMnJgc3oA,music,9,2.81,76123,594958,1.744
-xt_j2aIAkg,sports,6,1.62,183164,2678479,
-yMXWp-Fh3g,howto,5,1.96,31919,221336,2.235
-zrJwYFJtZo,pets,6,8.54,9828,564733,2.988
0-7wMD5ISIs,people_blogs,8,2.11,207129,6647081,1.499
00RpZZThSAs,entertainment,10,2.3,120857,1217872,2.756
01AEuxSlIMg,autos,6,1.62,28826,275180,
032BPsxhreM,entertainment,6,1.08,27852,54340,0.761
07S_Glj3uYs,music,10,1.29,288379,1509716,4.544
07Um1PY_P4o,entertainment,8,1.29,148372,461945,3.191
07bTt0BTi-U,entertainment,4,3.91,39623,729500,2.007
08OhPK2BVIU,comedy,12,2.04,510543,4625928,4.852
08l0K3UyUXE,news,13,2.07,181833,584861,1.513
0ANDjPQPS_Q,howto,4,1.36,6515,27408,1.011
0AWUKX5D_ak,entertainment,5,2.21,4035,17732,3.557
0DVNtFA-_wA,entertainment,7,1.48,56518,126986,0.9
0EPY1CKFecs,comedy,6,1.27,1054750,2958978,1.131
0EQuVfP-vXs,entertainment,7,1.67,54611,198160,1.123
0EbFotkXOiA,news,6,1.32,77682,385997,1.475
0GKC_nj7B44,film,14,3.46,111697,574412,3.373
0GQmGOju6CE,entertainment,5,2.21,112079,952677,4.807
0H-JHIGRRNM,entertainment,11,3.23,94303,389158,2.458
0HX039UdGpU,comedy,12,3.33,83483,2141439,6.307
0IC3II1i5yM,news,5,1.22,61544,113169,0.592
0IaG9oM4O4s,film,11,2.87,26499,1675909,2.217
0KRpcUAtg00,howto,13,2.0,103608,850341,2.666
0MyCrMrkMFo,entertainment,6,1.25,106394,374012,1.784
0NWKUHl6JLY,gaming,7,3.32,20607,526710,1.711
0Nip-J6u8C0,autos,4,2.11,1259,13458,0.888
0PW9MWDWLH8,people_blogs,6,1.65,18604,150117,2.433
0Q0_xFYpYL4,science_tech,6,1.42,101359,425185,1.86
0QDjTwsEeE0,entertainment,7,1.27,57581,291502,3.299
0QOPb9DlOfY,pets,7,1.46,50531,121157,0.995
0Rt329xQUjM,howto,7,1.29,85512,352742,2.653
0URpDxIjZrQ,film,17,2.21,1028239,6095300,3.226
0XARMt12oFk,news,9,1.23,305573,1339943,1.574
0YVbVXOjJv4,autos,6,1.55,423250,6345613,
0ZAA9Y4F37I,news,5,1.32,12126,52395,0.751
0b6l7MIaGdA,people_blogs,6,1.71,102514,708572,6.425
0bSE-rh7jFg,comedy,4,3.13,251405,817094,1.181
0dSR-9mtuzk,entertainment,4,0.94,186148,557538,2.268
0eOtSEkLVtw,education,6,1.35,133188,530299,1.446
0eUk_VN3e2A,entertainment,6,1.86,229326,1426321,4.611
0fepqIO57f8,entertainment,4,2.88,69297,1086734,4.55
0gDVWPPgMKY,people_blogs,7,1.29,321564,1744302,2.651
0gW9EnfWzDw,comedy,6,1.38,57630,299561,3.253
0gwkMY-mzUQ,entertainment,6,1.16,323629,736276,1.179
0l35jAGQPOI,entertainment,20,2.27,623353,6841622,5.088
0lXX3dJUAGY,education,4,2.42,36095,277184,3.247
0lr497GhD04,entertainment,7,1.95,187161,1752464,2.697
0nVO-yU0oxM,news,6,1.15,286915,619478,0.969
0noUI5HLY4I,comedy,6,2.27,31015,142281,1.181
0nybdPCuvRI,sports,4,1.9,156599,700096,2.503
0oBodJHX1Vg,entertainment,4,2.93,82012,1033482,3.48
0qpE8IHz3go,entertainment,6,2.08,174893,1152361,1.228
0r-zYs6NQu8,education,6,2.46,315806,1688171,2.956
0s6-iFoCFNQ,entertainment,7,2.29,480467,2788162,2.993
0ufNmUyf2co,howto,5,2.0,20770,238483,1.976
0umuSm2WA9g,news,7,1.63,562,10070,1.375
0v-6AylRH68,music,5,1.62,718378,4029821,3.331
0vKkwJwL77Y,film,6,1.25,376834,1535652,1.706
0vXLU9BnDPc,sports,9,1.23,31107,128412,2.436
0vhxoVwqZkk,entertainment,6,1.92,76973,633524,3.149
0xCggNCs2kU,music,6,1.33,44487,132580,2.084
0ycLaWymtKk,entertainment,6,1.25,636759,2883649,2.664
0zMSMJZc9EA,people_blogs,13,2.28,98740,1116764,4.278
0zZ0Y_UZRBw,howto,25,2.12,422360,2877877,7.189
1-BhcMdxfjI,entertainment,4,4.29,505,8154,3.556
1-jXHDiRnC0,comedy,4,2.04,153420,1143211,1.65
10ndJuFP1PY,comedy,11,2.83,79040,1023827,3.198
13hdKXfku4M,entertainment,5,4.87,2710,45899,28.867
13xFL17XmYU,entertainment,12,5.21,16276,310140,8.071
15UK0924t_o,howto,4,1.92,31502,268343,1.2
15aTCG3as6Q,entertainment,5,2.05,83166,890881,1.447
15nf2EBBNu0,science_tech,5,2.87,1097,18001,3.723
15uSD6tHi2I,sports,4,1.85,20307,493066,1.061
16W7c0mb-rE,education,7,1.37,490115,2032821,1.613
16a1LttU5qc,howto,6,2.08,595610,2368518,2.196
17x4Auq4Tw4,entertainment,7,2.29,129904,503121,1.706
18QHSoWPygQ,entertainment,11,3.94,68147,1074385,3.447
19QxOZU0zkQ,people_blogs,6,1.1,560967,921689,0.902
1A_aWbz6D5A,entertainment,5,1.79,35820,412054,1.378
1CYch47uOZU,howto,5,2.15,57055,611625,2.594
1DQ9UTz5j8o,comedy,8,2.06,41922,536775,3.285
1DRhHMy-D4E,news,6,1.47,251510,396970,0.794
1FJD7jZqZEk,entertainment,16,1.37,4122172,14041075,3.069
1HLMi1s6Tho,people_blogs,7,1.18,631641,2410536,1.431
1J76wN0TPI4,entertainment,13,2.67,3214535,40714581,4.208
1JXq9779zwU,education,5,1.33,97919,295571,1.344
1KG8Qha7uXw,comedy,6,1.27,116742,331121,1.705
1MGNw-Y2QPk,news,11,2.21,126016,1756102,1.466
1Nu_oGucpDI,music,14,2.33,158782,1309380,5.852
1PhPYr_9zRY,people_blogs,24,3.31,489942,8259128,10.323
1QmPCVW6jOs,education,4,13.38,226815,3633365,23.473
1R0Xgq1bxZI,comedy,6,2.21,134598,361852,1.073
1Sh6UqeRHdM,news,7,1.12,31371,60574,0.873
1SnWTW6YXbE,music,10,1.33,987283,6848484,10.256
1VJixjI_P3s,people_blogs,6,0.9,169852,214900,0.651
1WREZPc-kqQ,film,7,2.29,72085,855708,2.347
1XY8dPnIORc,film,12,1.26,334822,1384063,2.002
1Xgm5R4eMao,entertainment,19,1.85,206879,1685312,4.741
1ZAPwfrtAFY,entertainment,6,1.69,2213233,6109402,1.761
1ZXWwIjQnHs,comedy,11,2.16,226601,2295275,2.82
1Znl8OUBa_o,entertainment,5,2.29,427802,4631209,2.461
1bSDtlARvPI,howto,4,2.04,71758,452749,1.04
1csFTDXXULY,education,10,7.37,11582,679280,
1dQEfL2BfUM,entertainment,6,1.38,54292,279714,1.952
1h7KV2sjUWY,people_blogs,24,3.96,61632,1064798,10.024
1j_k5WCFShQ,people_blogs,5,2.16,333971,3561593,3.051
1kEoS9WwpmA,entertainment,7,1.37,102528,414854,2.266
1lCnG9hWC6w,entertainment,4,2.58,39792,524607,1.655
1lGHZ5NMHRY,science_tech,6,2.17,254579,4979612,
1lPvUKtHBJA,comedy,5,1.93,261363,2130602,1.395
1oFQ76ctfS0,people_blogs,6,2.53,73517,372465,1.873
1purAy2MsOc,comedy,26,2.18,128883,1236919,8.297
1sJHx2s4Pp4,music,4,2.79,52224,340791,18.435
1sqyuXCwcBA,comedy,11,1.79,114676,1093889,4.517
1vc1cKeor5A,film,5,2.0,11365,70177,2.152
1w9tf3vSuVs,howto,4,1.87,5302,36476,1.883
1zO2JEV6He0,comedy,5,1.99,156052,1421293,1.798
2--Pg-y3xNk,entertainment,5,0.81,76844,114865,0.75
2-tzlBFotjA,comedy,10,2.31,378689,4280876,20.28
20DPgRoyQn0,people_blogs,8,10.58,689476,11383684,9.699
20bpjtCbCz0,film,16,2.46,2037160,20585928,6.816
24HFgBQawWA,music,9,3.04,37464,223245,2.888
25Uouf_9DUk,people_blogs,5,0.98,43424,57192,0.618
26qOMpjicGs,people_blogs,5,1.99,192248,683434,1.186
272qtYHyylk,comedy,4,1.75,249067,1286392,0.994
27GV1PS8_Cw,news,4,1.36,103109,156114,0.717
2AAUadR6Hjw,sports,9,2.46,141148,770714,1.621
2ATuTL5i0_c,howto,13,2.21,145947,1207635,4.358
2B1sY4NecnI,news,6,1.41,17047,102834,1.105
2B85lYenaxE,entertainment,6,1.16,377415,1066607,1.534
2BIx2x-Q2fE,science_tech,6,1.42,119744,321277,1.202
2BwxeOzSx8A,film,6,4.17,120588,1120227,0.797
2DVg-P0mZE4,entertainment,7,4.97,14894,275455,2.015
2E_HEeOpiEA,howto,4,3.04,81133,1097258,2.144
2GjJ85MImlo,howto,13,1.16,568231,1787925,2.739
2J6bJnwr1rw,entertainment,10,2.17,91632,1187631,4.867
2KuqjW0WtZg,entertainment,14,1.46,131088,570053,2.691
2Nlo2ekTRvI,film,5,2.33,282860,2303131,2.103
2NpetP71B1o,travel,5,2.38,40177,386697,1.721
2PH7dK6SLC8,music,25,2.29,281075,3613243,12.563
2PQCLZbzxq8,entertainment,6,4.24,286,4318,1.791
2QK6Usg2KT0,entertainment,16,2.37,342608,1438398,2.513
2SJ0hgdciNE,music,6,3.42,617400,5001009,88.942
2TCHVvJ73kM,entertainment,8,1.08,793130,1487010,1.144
2VggEmXPnGw,people_blogs,7,2.71,198609,1069014,1.943
2WHcBwq2wHc,sports,8,2.54,565244,3919971,2.648
2X9eJF1nLiY,science_tech,8,1.29,109864,451309,2.354
2XQPTtTv_O4,education,6,2.09,40796,284743,1.098
2XQft9iwSqg,music,11,4.13,23317,475678,
2Xyf_PCf7lc,music,4,3.4,19987,164062,
2Yb_VA4L3YU,entertainment,4,2.97,60054,620118,
2Z3yeFZyCjI,people_blogs,7,1.85,130278,313927,1.23
2_DRBnV4nGY,sports,4,2.9,28228,905126,1.633
2a52cBN9qOA,news,5,2.27,543,2232,1.334
2aQykuIaJVI,music,14,1.46,816811,3640120,4.252
2afSbqlp5HU,film,10,1.48,95019,397553,3.912
2c7UCvK0Ixc,people_blogs,5,3.31,54636,648993,7.465
2ckenWENyUg,entertainment,4,3.38,151197,1085036,
2dkl0fUKHAM,howto,4,3.46,90674,769773,
2fGXDFiFBhg,science_tech,5,2.33,678155,5068126,2.088
2fJIRQJ39eA,entertainment,4,2.27,27114,72739,0.956
2fouYHWUhZo,entertainment,10,3.33,184616,2239708,13.767
2fxqFJsvus4,entertainment,4,1.88,78103,642382,3.531
2h0bkuWzQeU,music,8,1.37,538428,4737883,
2in8XqiElwc,music,24,1.67,777305,4945185,5.223
2jP6MFBXFaA,entertainment,5,1.44,45407,127055,1.477
2jSWMme12ik,sports,11,2.01,130369,773673,4.829
2ktuvx9hrMw,film,10,1.45,791962,3065887,2.19
2kyS6SvSYSE,people_blogs,6,1.28,1440216,2564903,1.174
2nJ3U5dzvPs,music,5,1.29,20592,95486,2.312
2nSXgn68gPQ,science_tech,4,3.2,1616,117924,2.567
2nVPFdqejD0,comedy,13,1.33,959838,4450664,3.599
2omJBSQcm5g,entertainment,5,1.71,109686,534291,5.064
2r_nGjgqPE0,music,5,2.29,222924,1360509,
2rx8VHNG-DE,news,6,1.39,8150,22871,0.671
2sxuAm569IY,travel,5,1.71,79417,326955,3.824
2v4-L4PkV9U,gaming,12,3.13,207718,2736265,2.744
2wJESCSvFU8,entertainment,9,1.5,314807,1088185,2.467
2wbc8x-RHiY,people_blogs,10,1.89,64210,254309,2.046
2yCp-Dj5-7c,entertainment,5,1.81,58169,216939,0.929
2ybeU5JUoK4,sports,17,2.04,195826,1415484,2.877
305ryPvU6A8,science_tech,13,1.79,696586,7365395,4.68
30UjfElERlc,news,4,1.24,4258,6450,0.472
31Fbv9qRV7s,comedy,5,1.31,14330,61584,1.68
32YGGYaUTgE,film,4,2.3,3839,23910,2.654
34cHO5_LX9g,entertainment,14,2.97,872955,4026262,2.434
34gHoxqZlJc,education,6,1.35,50680,257992,1.886
34mNW4YSJhw,entertainment,5,2.13,2570,64771,
36DAv_m8Mlw,music,8,5.42,77232,933283,16.292
36QMyiRAv-Y,film,4,2.2,297104,3647441,9.067
36YFQTFzZwU,sports,8,2.1,80388,519485,1.898
36tggrpRoTI,music,8,1.33,2380236,16146848,14.465
37R2_bvJjGM,howto,13,1.54,94839,533622,2.39
37z3bfXu3BA,music,4,1.79,41303,160892,2.004
38I1jsA91iQ,comedy,4,2.23,105531,788112,2.849
39idVpFF7NQ,entertainment,4,2.77,369152,2688797,1.165
3BHcVPSD4p0,news,6,1.28,908,11692,0.962
3BJU2drrtCM,entertainment,6,1.4,2711819,11188382,2.313
3BNg4fDJC8A,entertainment,7,2.33,413099,3445502,2.802
3ChgRbqGi-E,music,6,1.67,1016647,4188327,4.452
3HhK7HbX3Qs,sports,8,1.83,406672,1598439,1.358
3ILxrRlf3KY,music,8,0.98,442222,909247,1.428
3IaL0li-LWU,science_tech,4,1.37,79676,219585,0.988
3IdqPpwSE2g,entertainment,4,3.25,7205,93254,1.861
3LJh6TReA5w,entertainment,4,4.04,1518,28448,2.441
3LNeBf7bOTU,pets,4,3.09,210770,930576,12.455
3L_a9HxXzS0,music,4,2.24,7042,36535,1.518
3MA_64gyaA0,howto,6,1.14,220698,607415,2.244
3McYSX6jSIg,people_blogs,6,1.44,42603,99732,0.647
3Mg0SCxwvMo,travel,4,1.37,35251,122396,1.065
3Q2j5ApzSqs,music,21,1.29,2034833,16777231,8.761
3RlbqOl_4NA,news,10,1.59,391438,1140097,1.974
3S6HQGHqQa0,comedy,6,2.26,101162,527651,2.301
3SlG3sE8Ytg,howto,4,2.98,45234,1027805,2.276
3ToRIUoXmIw,entertainment,11,1.38,140841,667346,2.533
3UoKswz6OQc,entertainment,5,1.85,98197,515555,1.243
3VLNxH9uX6Y,entertainment,5,2.3,54542,299038,1.544
3WlhLmh7uiQ,pets,16,2.25,64507,737543,5.55
3XklsSF53pc,entertainment,7,1.5,224377,931841,1.747
3YVzBkKAbAs,people_blogs,4,2.1,35586,287733,3.076
3b24Q8Bz7b4,people_blogs,7,10.75,22101,1380632,3.583
3eQP6JoxtKk,film,8,2.15,1008713,7862567,2.85
3eY394uqk9Q,comedy,8,2.27,151982,935511,1.475
3fArI2PZBUo,people_blogs,4,1.41,8835,55318,6.703
3frnBoqqI_Q,science_tech,6,3.14,65760,1424952,4.076
3g246c6Bv58,education,4,3.39,95403,713748,
3g5O-kT9m8k,science_tech,6,2.21,101580,1649128,10.203
3hn14sIQc6E,news,6,1.24,198535,400997,0.953
3iUfzN4RAB8,comedy,13,1.35,895250,3713832,1.624
3j5eGupDWY4,pets,5,2.29,80196,592859,5.23
3k6RD9zVvpE,comedy,6,1.12,945136,3203154,2.953
3kerBt7kuBU,howto,4,1.96,13717,98780,1.002
3lgcBZdMZxM,entertainment,11,1.46,148188,622855,4.1
3mB2fIt7vzw,gaming,4,1.38,1446,8493,0.867
3mRjN1Focog,people_blogs,10,1.71,21137,130546,2.407
3nwwX-DEH1M,travel,13,2.17,564225,2019746,2.137
3oXhLdeuxDw,news,8,1.15,510132,1112617,1.284
3pCCjHDPq6U,education,10,2.42,57069,446482,2.377
3pTpz76vZfc,music,4,1.77,19591,122710,3.365
3shrder58iU,people_blogs,6,2.37,567630,2898292,2.299
3tUCuMSPQwE,comedy,8,2.25,1554627,7214750,1.652
3tjHS7JRB4c,comedy,13,2.12,134362,2066897,3.812
3uGIEY7tdg8,film,9,1.46,730639,2199149,1.699
3y75zBl37f8,howto,14,1.38,267464,1170696,3.438
3yy-dKTmyOo,music,7,4.89,548344,7628116,76.984
4-flcAEK0QI,music,7,2.03,41721,330553,13.768
40JxGkIspck,entertainment,6,1.42,17257,60568,1.814
40zKzYxwaF0,people_blogs,5,1.92,35717,223433,1.281
41PTANtZFW0,music,6,1.33,674508,3245471,5.763
41d9Bd7m8js,comedy,8,2.02,302959,1584221,3.057
425M4M3Opkk,film,14,1.29,2445777,7714606,2.155
42FRgdjveGU,entertainment,7,1.38,646119,2029938,1.507
42ZE4DCJkEo,entertainment,12,1.94,249123,1908298,3.63
44W9qstI8H8,music,6,1.3,137289,568142,3.366
45dj8U3xSFU,entertainment,4,2.33,223811,1147297,1.55
45tSUnisIos,pets,7,4.41,15032,174504,1.555
46KwY26PeOs,comedy,6,1.79,245806,1346784,1.491
48-pr5-G6Pw,music,4,2.19,80416,298642,1.896
48GpQJX3kYY,sports,9,1.73,41986,202920,1.779
48cc5nvsZ_c,film,4,3.26,74433,276125,1.289
48qcnpCWBq0,music,6,1.54,402592,2286134,9.086
49wGna0UTB8,entertainment,11,1.36,280065,912215,2.187
4Cc-U8uhXYk,comedy,5,4.04,22594,419538,
4E0Fhct08QM,people_blogs,5,4.12,35369,457181,5.484
4EIvK9XsFRo,howto,6,2.15,16154,94234,2.646
4FkEYUPr2gg,comedy,8,1.32,105609,448077,1.909
4GZBn4_SfQQ,science_tech,10,4.79,74343,514107,2.444
4HU6Z7anycw,film,15,0.98,2191512,6106813,4.138
4HX6R88QZB0,people_blogs,20,1.39,296492,1255581,5.283
4JGWxG-vE24,entertainment,7,3.33,86266,1099860,2.727
4KyWP5fWOEs,entertainment,6,2.35,28531,492953,2.578
4L-BPQVZYXM,science_tech,6,1.17,467051,1543548,1.373
4L43VVORo5c,science_tech,4,2.26,30693,141287,2.193
4LlQwTgB5Rc,music,22,5.5,17603,447916,30.64
4MYaA4WEo1Y,news,6,1.45,52198,98683,0.739
4Mayo-iUQDk,sports,5,3.12,23559,885363,1.522
4Qs8herYTqY,howto,8,2.98,73518,628330,2.889
4SvJgnhnUag,howto,4,1.31,4135,20545,0.969
4Uhe7pNqCFo,entertainment,4,1.29,618666,2297105,2.72
4VDylTCCzOY,entertainment,9,2.92,37602,330457,2.182
4WnizmrnJlk,comedy,4,1.92,501627,2940750,1.606
4ZO-jde2smo,entertainment,14,2.14,164509,906477,3.987
4_aR3HqFrr0,entertainment,21,2.46,150716,791080,5.878
4_eVvzrTV-I,sports,7,2.24,24233,253623,1.382
4a1TUszkMfI,sports,10,4.12,6451,210400,6.648
4b_tL3mh-Gw,people_blogs,5,2.11,26247,220164,1.493
4cXsgT3ZcL8,howto,6,1.7,555927,2568313,1.736
4ccN0eRaO7Y,entertainment,7,1.86,184624,736193,0.974
4csQhMHvQWk,entertainment,7,1.46,445453,1547819,1.724
4dpjhcQr0RM,music,8,1.29,314637,1629053,5.913
4ftGS_6i7mM,sports,5,1.31,11690,36414,1.212
4h-XOckOwN8,entertainment,4,3.09,499038,3305225,
4hrrK3rXrR0,entertainment,8,7.37,39416,395698,5.296
4iN6uiOsCr0,music,5,1.17,26782,96082,1.124
4iRJDDjejCI,entertainment,7,1.25,1068053,4203879,1.907
4ihuh6AKyY8,education,5,2.42,5696,91213,3.59
4k9bXpi1tU4,comedy,15,1.92,313478,2668355,4.464
4kDklB6-69Q,comedy,10,8.83,1537790,29178096,
4lm75v4Ndlg,entertainment,17,1.94,199865,1367332,4.346
4nM94zdOh50,entertainment,4,1.64,164905,746658,2.128
4nq0tT_SAD0,music,8,8.84,291104,3564336,10.705
4nqJiBRNQuw,entertainment,8,1.33,714408,3081444,1.681
4oYYVrEFWE8,music,4,14.81,4176,1702293,6.875
4oqvNR1o3Zo,entertainment,19,1.3,337820,1989746,4.375
4qakFfGRV4E,people_blogs,5,1.35,8259,43012,1.311
4sXyLTk0IAQ,comedy,5,2.29,146191,443969,1.254
4srOE3pCCo8,sports,14,1.36,386175,1501322,3.39
4tpIiSqyiLo,entertainment,4,1.21,191737,713285,0.973
4uTNVumfm84,music,9,1.42,2708516,18312570,15.918
4ubwGb-vLA0,film,6,1.25,1157770,3020358,1.267
4uvDgYKLgcU,gaming,4,1.9,22175,147003,0.684
4vZJn6r0dRw,entertainment,4,2.08,144010,1595752,1.115
4vl8-5udtII,science_tech,13,2.42,14029,308082,6.655
4wIBCoxuOJ0,education,5,2.37,82202,418311,2.281
4yG_k2Zlw7Y,film,4,3.11,38413,199547,7.312
4ykXguKWqy4,people_blogs,5,5.25,17718,687759,4.983
4zkWYYFvV6M,people_blogs,10,1.79,55703,188322,2.599
5-l84AgchWA,howto,4,2.85,301,4923,17.745
515lLZS082U,entertainment,6,0.87,1997889,4046720,1.486
51cbHTKdILA,music,5,1.94,67917,286155,1.958
52L2HML5O1k,entertainment,5,2.17,39868,319017,1.205
52Y7NwbmOHY,entertainment,6,2.34,17345,72999,1.258
52pwYD_rxmE,gaming,11,2.02,540640,3494232,3.403
532MxrRNJcM,howto,12,5.37,49643,865423,3.282
54BVvP7zvDQ,entertainment,13,2.46,201618,2096929,4.072
5530I_pYjbo,howto,7,1.5,983781,3083469,4.59
56KYMMGudcU,music,6,1.79,1479288,8617757,4.113
56XbwQ59GbA,pets,4,1.54,169318,688114,1.17
592KTCoUuUg,music,12,2.42,219041,1445729,4.091
5Ad2pIlg3Dk,news,4,2.44,64087,216743,0.749
5DsBQiYNwuk,sports,13,2.19,236992,1022658,1.958
5E4ZBSInqUU,music,6,1.29,1597554,5468928,11.459
5EF5Curjr8k,music,10,2.04,62139,519197,5.566
5GHXEGz3PJg,music,20,1.23,690668,9534322,14.04
5GRyr0noXrw,sports,6,2.08,5643750,25235767,2.115
5JEI0sjJs8c,news,5,1.78,103174,569902,1.451
5Js4TMKutCo,news,6,1.02,73929,137034,0.654
5Kk5QxB9lWk,comedy,5,1.93,30338,224031,1.534
5LoBGoQPUNc,entertainment,12,1.14,2432331,6438646,2.587
5NHxDBPxPGI,howto,6,2.83,5700,155176,2.161
5NaAwSpswJE,entertainment,5,2.0,943922,3149536,0.972
5PR3Hn6cQ60,howto,24,3.13,68427,1101782,5.862
5Q7mKQmNWSE,howto,6,39.68,16459,151563,2.069
5SNX4JuM39c,sports,5,1.11,13449,102105,
5SuDuzAtUwA,science_tech,4,1.97,24877,142380,1.586
5TLANg1GC7U,entertainment,6,1.98,279560,3322855,3.931
5TXSR9Jel24,entertainment,5,1.3,23189,52100,1.273
5TbUxGZtwGI,education,8,6.48,34573,2626381,6.668
5VGxDEh3F0g,film,11,2.38,23133,121892,2.329
5WUDfviiKRE,education,4,2463.82,4519,22695,0.736
5XUwdZkM6N8,howto,8,1.0,87997,215237,1.569
5YOvZU1QRRQ,entertainment,5,1.25,124451,301706,0.754
5YgluF8VTWg,news,4,3.15,156904,1900142,0.82
5_-NKRVn7IQ,science_tech,12,1.28,2504343,7676863,3.003
5_O5bT3hfkQ,science_tech,4,4.25,112437,869422,1.612
5bJ_gb19pKQ,film,13,1.25,829904,3259936,3.017
5czA_L_eOp4,education,6,6.33,10845,241476,7.869
5ek2W8hUvGw,film,4,2.09,517567,2500743,1.218
5fZiMNo5-uo,gaming,12,1.38,609026,2686026,2.186
5g20u8EfMdg,education,6,1.42,167420,616440,1.104
5g2UZr5RGgg,pets,14,1.46,164929,1309130,2.83
5hpuoMilm_4,people_blogs,9,1.5,618955,1776352,2.795
5jmaUAvUou4,howto,9,9.08,13620,891152,13.456
5mar5AHglGI,entertainment,11,2.33,69942,431137,4.153
5n32F7mS6Kk,comedy,6,3.12,27003,367012,2.486
5n9xafjynJA,science_tech,4,3.73,119364,2175978,1.667
5orrZxSjLQA,music,4,4.33,515517,4763664,
5q4Z7HqxFM0,people_blogs,7,2.08,61696,245308,1.149
5qjU_wPyv4E,comedy,4,2.25,47584,535232,1.285
5qpjK5DgCt4,comedy,6,2.2,1135250,5315471,2.387
5qxqo2CQakA,comedy,7,1.29,374515,1429023,2.751
5tPugvYE6wM,howto,13,1.12,148025,645449,1.915
5wKYV-9Tq1o,entertainment,5,2.17,28850,278795,3.183
5wVnr3cahQg,people_blogs,4,2.33,2870,40993,2.038
5x-d3pabd5o,music,5,2.99,436429,3055492,727.308
5xrks9k3feQ,education,5,2.31,27519,163727,1.269
5xvOk7fo-K8,people_blogs,5,5.98,2452,157975,1.543
5y-tCo_v7pk,music,5,3.24,52364,352319,2.676
5y0ARoVF6Qg,people_blogs,6,3.19,71403,282736,2.37
5y0owYFTMno,entertainment,8,1.67,55989,360432,1.741
6-Bf9yUay50,comedy,11,2.99,248910,2085977,2.907
6-xB3ij-5xM,travel,5,9.29,47544,81011,0.816
65MWN5yKU0A,howto,10,2.01,19494,106781,1.689
66kn6Dcr12E,music,5,1.38,56695,248200,1.098
6A3cHzFQsqI,music,4,1878.39,9196,127623,1.055
6CPUUjAlXrs,entertainment,8,1.77,12920,121344,3.754
6EF4zRMfrlk,pets,5,2.35,40588,173330,1.333
6EHbZKLkeMg,entertainment,4,2.36,28262,198076,1.06
6FbdqwlR0H4,entertainment,6,1.4,219780,971657,3.151
6GT7PrIIS5I,howto,7,1.48,118489,372823,1.18
6J-D86wfxiE,entertainment,8,1.12,83575,286804,3.575
6Km34EXxGZ4,entertainment,11,4.35,198997,2204925,3.312
6LuHS7ZeSjE,comedy,6,1.29,202179,1112006,2.826
6Nr_xHolP1Q,comedy,4,2.29,146759,1642644,1.851
6OcOO1k-vGE,music,7,1.59,5214120,18241671,2.163
6Q0AazVu1Tc,entertainment,7,2.19,1229236,7957820,3.271
6Rl7fQQRmtg,entertainment,10,2.08,337549,3140961,7.649
6S9c5nnDd_s,film,27,1.46,3426004,13619534,5.346
6SevTnFTdpA,sports,4,2.77,11886,88857,0.87
6SjslBAJkJI,music,6,2.25,65293,382766,4.731
6SuMbFuKDf8,music,26,1.83,2338050,18658825,8.853
6TOSV3-7hzU,gaming,5,1.83,84171,534677,1.065
6UPeSHu1u_w,people_blogs,4,2.0,7803,68699,1.065
6VhU_T463sU,science_tech,4,2.37,91158,343273,0.849
6VoJHrdoIJw,sports,5,1.94,61176,533004,0.877
6VrqR_GfvzE,music,6,1.45,34186,191344,3.648
6Y65fxIRs8Q,gaming,6,1.23,891079,2894540,1.039
6ZJghIk7_VA,science_tech,6,0.98,159069,432285,1.78
6ZfuNTqbHE8,entertainment,8,1.44,18631001,91933007,2.248
6_DgXvcfhYg,music,8,2.81,88428,719123,9.217
6bJRu0_p-Ig,news,5,2.32,63116,215732,1.052
6d6SmcYcP_U,entertainment,5,2.02,75460,373594,1.23
6dGqZmvDElA,news,4,2.25,38584,188158,0.945
6dlhWPDoifU,news,7,1.56,835,10661,2.218
6fyE0B430Rc,howto,15,1.38,117495,556558,3.216
6hIFDfP9rNc,news,7,4.37,11216,88582,1.746
6hb0GOOFQwI,comedy,9,2.96,2251,24296,1.961
6ijnv-jNhUA,education,6,1.38,108591,507170,1.218
6jxRnodaKzE,entertainment,8,1.47,1338778,5389292,3.473
6kLYXbNZWRs,nonprofit,4,1.29,4527,16948,1.779
6kyXZGyso8M,sports,4,3.7,23533,366172,1.694
6mDsa-AqNcQ,education,5,2.35,76812,718220,1.958
6mkLWGy6Y3k,music,5,2.28,22793,386819,2.401
6oIWl1jLE20,science_tech,5,1.32,42410,322998,0.617
6sHIq41sI-w,music,12,2.37,385820,6215935,13.262
6tAB3YwWkxY,film,12,2.16,63027,279585,2.38
6tgptWcKkgc,entertainment,10,6.19,6394,211038,15.667
6tiphMs-dCY,comedy,5,2.25,286047,1970963,8.543
6uJf2IT2Zh8,music,6,1.62,2364939,12969561,6.358
6vbFe6F48Uo,science_tech,5,2.25,65177,498874,2.464
6wGj89GE6aQ,entertainment,11,2.23,463027,2294013,3.98
6wHVgiM0R54,education,6,1.42,98635,315694,1.32
6wpb3YfXGqU,howto,4,1.96,9297,84450,1.344
6wuV4531d9c,entertainment,5,2.38,19664,211258,1.485
6xMBmvevhj0,music,9,1.21,344650,1929441,6.41
6xUPaVfmcUs,comedy,9,1.42,2011311,7049534,2.151
6xUnndUTDBQ,people_blogs,12,2.03,56997,505147,1.833
6xe64i_4GhM,news,5,1.33,86168,296207,1.35
6xnTeGwRCGY,news,5,2.32,253,7767,2.863
6ztB3fg9knE,entertainment,6,1.46,75825,291980,1.303
71X7a8eu73k,science_tech,9,9.33,7084,965264,8.988
72Qahj0U0Lw,news,8,1.4,151457,254521,0.924
72hlr-E7KA0,education,6,1.31,248437,774407,1.223
73_OWzBr8Fo,music,14,1.33,254173,1467165,4.078
74LFfWHc0oo,entertainment,4,2.19,14236,131431,2.227
76XBys_HXq4,autos,6,2.46,128399,213341,1.162
7AXo-bYGXI4,music,7,1.5,1013704,5966226,8.964
7BdizVgHf8I,entertainment,7,5.45,13385,253263,2.223
7Bgj9c48zHU,entertainment,7,1.26,22185,119519,3.418
7BlT28Tl_VI,people_blogs,8,1.96,300331,2317727,1.927
7C2z4GqqS5E,music,13,1.62,23446463,123010920,7.291
7COF8AhH9Z8,news,5,1.32,5737,30156,0.962
7DbslbKsQSk,science_tech,15,2.46,224296,1828586,3.506
7FA21oJ3-hw,entertainment,12,1.79,55096,410327,3.915
7FM_MfpYOLU,film,5,4.15,20024,726422,38.481
7HGCE6-LMBg,film,13,2.23,215311,3132527,4.259
7HIt7pA4WqY,pets,10,3.29,83282,443675,7.036
7IZZrxZ6uxA,education,4,3.24,4497,53469,1.836
7J4nN0Te9m8,music,10,2.85,29840,143097,2.34
7Jz8wZbXuDA,sports,7,1.87,631208,4344751,1.904
7LjC-nUPrNg,entertainment,5,2.23,749696,3708663,7.156
7NcVNt7zQJM,music,5,1.79,28758,149801,6.771
7P-PNa0bxQg,entertainment,12,5.5,33226,399657,3.339
7Tivcf-zIOU,news,11,2.29,69810,437294,2.368
7UoP9ABJXGE,music,23,4.83,171008,5534278,
7VC4zX1vDE4,entertainment,6,1.42,60176,364741,1.66
7VnEPIBsp20,entertainment,8,1.35,475632,1467369,1.37
7_FJUSBFbJM,shows,15,2.12,234063,1445949,4.361
7aRxsmfBDI0,entertainment,5,1.58,104315,665478,2.002
7bDvhiHoH-c,howto,6,1.87,43788,186548,1.299
7bfS6seiLhk,entertainment,4,2.37,876675,5292777,3.313
7cTi6PHUqMw,entertainment,5,2.29,809,40840,9.315
7cmzAjwmc5k,entertainment,5,1.84,121976,976652,1.739
7cqYiUmutGI,entertainment,9,1.42,398492,1755038,2.03
7dbRDavsp6I,entertainment,5,1.46,210043,802455,2.154
7gdoj1ViJ8M,howto,8,1.41,76927,299370,1.882
7kRDYwtE10Y,people_blogs,8,2.16,21195,249314,2.196
7keZTcdouoY,news,11,1.28,43176,189594,1.276
7oRdswHqaf8,howto,4,1.42,10298,37376,1.258
7tYUMo3IgXg,people_blogs,6,1.37,1011411,2524578,1.282
7u6rMOvvTzU,entertainment,5,2.37,47171,548892,3.697
7wDUrQAaYsM,music,6,2.5,422255,3090982,3.778
7xN52zQzYy8,sports,5,1.26,55517,180238,1.67
8-Cjsnq8kVU,film,7,1.42,2679785,12382809,2.357
8-fwdc3OSaU,education,7,7.27,6418,295995,3.505
8-u5nd2GqNE,education,6,2.35,311245,1145464,1.789
80L97nV_vQc,science_tech,4,2.04,244533,406703,0.573
817P8W8-mGE,music,6,1.96,6069608,36101955,5.743
82zGhWVXXxg,education,12,2.29,69083,543968,4.097
83paNSKdfNM,entertainment,6,2.46,69929,396791,1.747
84hXRY0uwQ0,entertainment,6,1.29,89846,207902,1.646
84iujjDAqHw,film,4,3.42,8633,92030,1.59
86ysRAffCpI,howto,21,2.04,68296,592480,8.351
883Omd2YqXE,sports,9,1.74,32970,226283,1.039
8857-yQOZ2o,gaming,7,1.15,33448,65745,1.091
88EB0TEGQDA,music,4,5.64,160068,2090172,1.959
88kkrRv1UgI,education,7,1.31,101492,377704,1.622
88qeUDD9Vv0,entertainment,5,1.08,425839,945446,0.887
894X4nV9Mys,entertainment,9,3.4,188361,1875053,5.92
894rSubVE5E,entertainment,13,1.17,531269,1040659,2.327
89OP78l9oF0,film,6,1.42,1708915,5376583,1.985
8B2esiq24Hg,pets,5,9.12,45982,716164,2.441
8BAhwgjMvnM,film,6,1.33,2788784,7227939,1.878
8BQqX3bUqtY,music,6,1.37,634603,2504920,13.19
8C8pRDetZr8,news,5,1.31,15675,28271,0.575
8D7c9CY7vXk,film,4,1.17,26238,74582,0.967
8EK-QMtHhMI,comedy,6,1.96,135009,1503192,2.656
8ENIIcMmeD0,howto,7,2.17,56909,515855,2.136
8EiDiriAmfk,comedy,6,1.96,511944,1449022,1.435
8HTdbCohTXY,news,4,1.53,2358,22974,0.864
8IEvxQKzLyI,sports,5,1.25,24723,67802,1.017
8I_NkJ8VTEI,people_blogs,7,0.87,552644,789818,0.846
8I_uK7WBbjI,howto,5,2.03,54058,615784,3.418
8JfMdhrbehY,gaming,14,1.25,298534,1043209,2.705
8JnfIa84TnU,music,13,1.62,1143109,21250349,
8KT1UCsOE74,entertainment,4,2.59,97367,1088828,2.468
8KaKWPJq5dY,gaming,5,2.01,64547,722812,1.577
8KgiaRPxRnQ,gaming,6,1.25,367209,1316002,1.082
8LSpT5xF3UI,news,6,1.12,11138,118930,1.788
8MPbR6Cbwi4,music,6,1.29,2522691,15043210,
8MfSVTHqNHU,sports,5,1.69,154216,836530,0.705
8O_MwlZ2dEg,music,12,1.37,1595164,12163782,6.061
8RMScghsI6o,education,5,3.42,23394,223475,3.199
8RsDxpyUa_U,comedy,8,5.17,34837,836483,
8SxMEqwKVUs,people_blogs,7,1.71,64505,486826,5.235
8UHMSVOHddE,music,11,4.83,22123,349965,913.019
8XBLuU_4Qgo,news,15,2.35,337553,1987241,3.962
8Y5-GI9hYcI,music,16,3.17,924592,21338153,
8_rTIAOohas,entertainment,4,1.42,2348887,8842980,1.02
8bNu6Ktj858,entertainment,13,2.12,111580,619443,2.05
8bn9OBHoO0k,news,5,1.8,11928,27178,0.854
8cpqLRC7T80,howto,5,1.21,230274,631310,1.208
8dHNmfLJeR8,entertainment,5,6.33,7811,183413,18.069
8eo-L_3OWAQ,film,12,1.34,1018952,4376750,3.062
8fbyfDbi-MI,music,16,2.09,674441,7127666,10.59
8gE6cek7F30,howto,6,2.29,61022,468838,1.716
8h--kFui1JA,music,27,1.29,1532371,20934803,18.972
8h2rlhsN9DI,news,4,1.38,111121,293899,0.775
8h7cnLWQKtM,howto,4,3.46,116075,703909,2.582
8hYTPl7MkiA,education,12,2.46,40110,356063,2.697
8ikZqUKIHbY,people_blogs,6,0.96,81486,957052,
8jp3SxojXpU,news,8,1.02,140379,362345,1.381
8ll04Zzw5UM,music,7,0.79,1402576,4416051,2.977
8mCcM-PUmLM,people_blogs,7,1.1,793248,2382878,1.464
8mQelXnPxUQ,science_tech,6,1.19,163520,518359,1.684
8nsWMmFYRqE,music,5,1.67,793362,3742064,4.069
8oKl_qDJHt4,entertainment,6,1.52,637684,1820569,1.195
8pffcngJJq0,news,4,2.57,337351,933117,1.201
8qL4lMQQ9IE,entertainment,5,1.29,185055,1039254,1.903
8rWuGBPA7bE,pets,6,2.14,144482,605918,7.109
8rbE3RssSEY,comedy,5,2.46,83005,713784,2.182
8rqztDFvmZ8,howto,6,2.37,220393,1916015,2.379
8sg8lY-leE8,comedy,4,3.93,135700,2949050,1.091
8uBP6UL-jEU,entertainment,8,1.69,784619,3745968,2.347
8udNOTFiqUs,science_tech,9,2.14,270235,2044300,1.811
8uvIPHtKoQQ,entertainment,5,2.16,10320,110985,5.109
8x7UtZKwfHA,science_tech,4,2.24,355688,3052453,1.719
90CCjgX0n20,entertainment,4,3.45,777952,13124176,4.443
90uhxbfUfC4,entertainment,5,1.36,19255,48526,0.88
91Q0kddGWLc,howto,7,1.99,69228,494907,1.717
92BKdIai4ck,film,4,3.92,387,15127,
92HCNclQOYo,entertainment,6,1.52,104964,366408,1.031
96bpvMCfBfo,music,6,2.79,109916,784820,9.142
96oKlWv5wSo,travel,21,2.15,74036,802184,5.296
97Gh0LRdKu4,entertainment,5,2.38,134523,458664,1.066
98QDI87DdcY,autos,7,2.31,28518,154363,1.257
99t4EBwIAt8,entertainment,19,2.33,272459,2310794,7.618
9DjgOFSBJYc,comedy,7,2.17,79947,176448,1.729
9H2SSvQ8ihA,film,4,3.33,2010384,7138640,0.522
9JBKuNrd5m8,entertainment,18,2.29,151840,1666684,4.479
9JQ2gHDPnDY,entertainment,13,2.12,205364,2114478,3.288
9NC2saE5MbQ,pets,20,2.44,469055,5985284,5.069
9NkHIv25IH4,education,5,1.42,118420,512293,1.704
9O5PhuW927w,science_tech,4,3.05,38093,981439,3.61
9OGr-2g0zVs,howto,4,1.38,3270,15300,4.392
9OeZYhjyweQ,comedy,6,1.19,151879,502917,1.428
9POblaMln4Q,comedy,16,2.1,154704,1307148,3.38
9PhM-zCmTFs,pets,5,1.37,157930,514888,1.629
9Q1WSQ7R8U8,sports,7,2.95,17626,293295,1.51
9QojtREFuFU,people_blogs,16,1.4,453502,2149621,3.186
9Rr9u6QGgVc,entertainment,6,2.12,90987,2182197,34.824
9SCNLl0MQPM,entertainment,11,2.24,97276,684913,1.932
9SK1I0V6U5c,comedy,6,1.25,627565,2408682,2.586
9TCdWhmtxCk,music,10,2.46,32298,352048,3.151
9Tb3xPmr3yg,news,7,1.34,41057,88952,1.124
9Tuqhjq5ANQ,news,5,1.9,137012,584892,1.059
9WFf9XY5rME,entertainment,13,2.21,288874,1855559,4.138
9WT7NU3Rwr0,sports,4,1.73,1359,14657,0.606
9WXQr3WVrbU,news,8,3.5,80777,1034276,1.562
9YlnHbN28jo,howto,12,1.14,119618,298298,2.511
9ZrAjnPHzjQ,science_tech,4,4.95,8638,26983,0.859
9_lkVzzd6rE,pets,5,2.42,14782,237310,
9bAiXJoNdy0,comedy,8,2.3,58097,370481,1.819
9d-Z7V5kZvQ,news,4,3.2,137676,575537,1.431
9dHLFD_Jveo,sports,5,2.93,106938,2192738,4.053
9dmij6g-iZc,entertainment,5,2.54,74716,719133,1.866
9efQnL-nlUg,science_tech,7,1.27,147140,552694,1.154
9fKALFSxX_Q,howto,12,2.21,17477,302656,3.443
9fed80dZ5wM,people_blogs,6,3.11,16561,432552,3.068
9flXyzcSfT4,music,4,1.33,104300,548658,
9i3GtPIS0-4,autos,4,4.33,13614,571347,3.747
9jRtpMKLsts,gaming,14,1.94,663943,9992803,3.571
9kF9xY74h-E,comedy,5,1.12,399648,1533488,1.323
9m9oO84Q2fk,sports,13,2.09,2421284,16371326,3.269
9mwM1VB9qs0,entertainment,6,1.58,270319,912295,1.683
9o-gcCwMOgA,sports,4,1.4,96263,664377,0.612
9o2FXVhjLyY,entertainment,6,1267.13,65516,156712,0.555
9oyKePWRi8Y,sports,8,2.04,677846,8930421,3.384
9pbCuFxRuqs,science_tech,5,1.89,62508,676692,1.811
9qlF_9PNhJs,pets,12,3.33,43613,460046,7.32
9r6NI9m_IxM,music,5,2.1,22149,864149,2.205
9reizHjwuNY,science_tech,7,2.18,50482,736748,1.759
9sRQQRiltrE,entertainment,4,1.46,814878,4005642,4.603
9sbnGfWaOwQ,howto,4,3.33,18048,395783,5.469
9uez2DBg9Mg,news,8,1.38,549672,1041847,1.627
9vDdx1dba6c,music,5,1.25,160979,475702,1.591
9v_rtaye2yY,music,6,1.91,3890572,23575103,200.73
9wD5OsJM-Pc,film,5,1.94,289079,764936,1.477
9x8JN8zDqis,howto,14,1.15,282891,1045168,2.296
9yDNAc8YS9c,entertainment,12,1.52,618098,1769864,1.695
9yWnVxe1qp8,pets,10,1.58,5558,31228,2.681
A0FZIwabctw,science_tech,14,0.94,1540920,3291206,2.389
A2dIL4sf4TQ,people_blogs,9,5.08,27918,1153783,3.433
A3_c-aSZF5M,film,5,3.22,22404,165175,2.8
A6-P1-xxF9Y,people_blogs,6,1.7,12631,83369,1.069
A8HLnDP6uRM,entertainment,6,1.65,662012,2935898,1.842
A9YcrloL3oE,film,6,1.06,1677169,3611833,1.059
A9k89DYdHKQ,music,5,1.42,158503,537822,2.181
AAbtGz8dHKc,music,5,3.0,1177,9020,1.685
AEAHRq62p3Q,sports,5,0.98,50561,73214,0.712
AFZZNlog8sA,music,4,2.31,8917,28434,1.646
AFbu21AGSho,pets,20,3.5,220757,1165339,5.193
AGPMMAjBt6c,music,4,5.31,8699,196212,1.28
AJUiQU8-w8E,education,10,3.12,53147,439441,1.951
AKstzozuLKY,entertainment,4,1.37,99319,265260,1.153
ALXiloyym0M,howto,8,2.52,32827,188155,1.759
AM1pavPRU8E,entertainment,4,2.08,22190,327211,1.411
AMiXme4bMUk,science_tech,4,4.33,5017,150908,7.853
ANDqRchWuMc,entertainment,4,2.42,14603,187585,1.128
AOvCyD9bbDM,music,7,2.33,257525,2122601,6.982
AP14dJZzKkA,entertainment,5,2.12,807400,3845553,4.739
APASP1YKH60,people_blogs,10,3.38,27248,282389,
AQxBqfy4Faw,howto,12,1.38,91519,471945,2.898
ATFwMO9CebA,news,5,1.84,108876,704424,1.337
AU9I1MX0c2s,music,11,3.29,22218,386991,35.285
AV1SWIPxxFM,entertainment,5,3.21,96025,1340395,3.062
AV5TOlGFHk0,science_tech,4,2.33,15273,145213,0.523
AWgfOND2y68,science_tech,8,4.87,203588,1062124,1.937
AWtpYfjylCo,people_blogs,5,2.33,67018,346931,1.525
AZ4sakIfXUE,people_blogs,5,2.2,22446,251710,2.522
AZTn1UMs408,comedy,5,5.45,2384,20960,
A_fUji0jTAE,comedy,5,2.97,17891,243102,6.017
AaALLWQmCdI,music,11,1.35,29750,129318,3.088
AcoALQl7jfA,comedy,4,1.54,133464,415263,1.198
AeB90B9__xM,sports,5,1.29,77712,315116,2.579
AenmqoozqoA,music,5,2.21,333451,2181296,
Ah7ldw_WmtE,comedy,4,3.75,17792,647516,4.04
AiH3nDqWr9I,film,8,2.15,847991,8999134,13.242
AixWaRt1ulk,comedy,6,1.87,3605,25373,1.077
AiyZ92_JZxA,entertainment,5,1.68,1027145,4297582,1.413
Aj5oA0YxCi0,people_blogs,4,1.71,81859,264912,0.982
AjMBDpRXsYA,news,6,2.94,550,10806,1.226
AkCLxl3MzNA,education,20,2.21,121068,1478064,4.328
Am6NHDbj6XA,entertainment,5,4.69,570644,6492425,1.873
AoswyJLilgo,music,15,2.29,181002,1152468,13.257
AsTdC2RToIA,howto,10,3.33,165464,2384671,2.88
AshvBTw5Z84,entertainment,18,2.37,241512,2651325,6.997
AtCLwYFRp4o,comedy,4,1.86,628922,3153075,1.074
AuWwlxym68g,music,5,1.79,75294,357299,11.241
AvFNCNOyZeE,science_tech,11,2.48,42239,610581,3.046
AxWxJNHoLC8,people_blogs,5,1.08,357779,819692,0.773
B1Kitc6cMXw,travel,7,1.36,41606,120441,1.463
B1r4Z3nXPVA,entertainment,7,1.46,526285,1800483,1.506
B2W7c3XRBwQ,howto,13,1.37,145074,665791,2.846
B2YCf8dTkIM,entertainment,6,2.13,17809,194288,1.645
B3JFSL8AA70,people_blogs,4,2.21,107168,1018308,4.208
B3qT1k0r9pw,music,15,4.83,80142,2255876,55.547
B4C10LKAcZQ,entertainment,13,1.42,211013,1022702,3.539
B4mK5OElAFQ,comedy,6,1.23,110579,268148,1.211
B5gu6o6CIDA,howto,6,1.23,39370,147586,1.148
B7AjF4of300,sports,5,2.29,271348,1233075,1.833
B8R148hFxPw,science_tech,9,1.67,103949,444997,2.14
B9nVxg3DqAM,gaming,7,1.96,150858,1438726,1.499
BC19fhyTG_M,music,5,1.21,1788789,6217292,2.074
BEcs3TL8DII,sports,5,2.28,33132,318840,2.44
BFWI0GQZA14,people_blogs,6,1.29,358563,1628628,2.634
BFkTu8Y1KLs,music,14,3.83,114184,2095026,28.016
BFqNP8VqoPs,science_tech,7,2.4,13080,281340,2.821
BGszdLW-VqM,howto,10,3.96,7481,178765,3.743
BHloD113J54,entertainment,5,3.33,11384,320395,
BIQK4-9YFW0,music,11,1.79,486056,3953945,14.122
BJ2yzCRPonA,entertainment,12,2.83,40192,315429,2.568
BJDGBNFxO7o,entertainment,7,3.29,148320,801522,1.962
BJeCOo_CRyE,music,6,1.27,464981,2003048,3.131
BLXLPisBe8s,howto,10,4.29,30747,330310,2.255
BLts9UN_K3g,gaming,6,1.33,25485,104480,1.43
BN7rNfOsBJo,people_blogs,5,1.37,337676,1082634,1.152
BOKzXQdA4Nw,film,9,5.21,105246,913811,1.535
BOZngVYS04s,comedy,4,1.95,110703,1199560,1.226
BP9HNVuGb-g,education,5,2.33,17296,241441,1.844
BPmAxzEJpWA,music,9,3.71,135581,2714802,7.504
BQC09Mdn24w,entertainment,7,1.01,197181,536419,1.614
BQ_0QLL2gqI,music,8,1.25,1154274,8076063,
BWJY1na9qao,comedy,4,1.91,9613,96485,1.038
BWp5WAFGV60,science_tech,7,2.46,195711,749223,1.323
BXnGUUsdnR8,entertainment,13,2.12,141797,1107554,2.866
BZt0qjTWNhw,pets,22,5.46,138613,1685609,6.759
Ba4j_q02FM4,entertainment,14,1.21,228340,672329,2.939
BcruuWQ2_9Q,comedy,10,2.8,86306,491205,3.37
BdwJ0uXIV_U,entertainment,7,1.2,60213,549371,1.586
BfawmhUVXVo,entertainment,5,3.18,159664,2144958,3.134
BhIEIO0vaBE,people_blogs,9,1.15,14908925,56111957,2.09
Bhplg8YCu-M,news,5,3.4,122500,2666775,2.05
Biex1XR_mpo,people_blogs,9,10.59,373351,3602906,2.194
BjRNY3u3bUw,entertainment,5,1.33,1243439,5053825,4.192
Bju5Enu--80,music,4,2.18,46316,154250,1.102
BkpwPKZb_Zo,music,9,2.25,102440,583346,3.788
Bkus04-5kWk,entertainment,6,2.08,26713,284888,2.338
BlHVpQfxJt4,entertainment,5,1.39,129700,493451,1.278
Bm8rz-llMhE,music,10,8.83,1335398,30061253,
BmMuLuG1yW8,entertainment,5,1.44,172931,781858,1.939
Bmn2STJUWJs,music,7,1.74,252334,475296,0.91
Bn02bclCu5A,entertainment,6,2.23,4821,125045,3.131
BqLwMIA-HlY,entertainment,5,3.1,7614,96463,14.562
Bs-Hr-gEJAU,music,17,1.33,1848390,32079687,
Bs5Ml7_2wT0,gaming,5,1.65,98846,1500852,3.073
BspHjvU11y4,music,25,2.46,177277,2421584,10.871
BtvRaMPJWLs,gaming,13,1.98,469463,3962616,2.944
BxZYIjdgGtg,music,4,1.92,3378,19722,1.469
Bxhew4TpiAg,comedy,5,2.96,15252,165099,1.558
By6Mi7VlqcU,people_blogs,7,1.23,121830,298927,0.651
ByeyFfOHgQA,film,6,2.16,210570,2579421,3.394
Bz947t-vWzE,comedy,5,3.08,93896,1544312,3.52
Bzji05zubSc,entertainment,5,1.87,176181,737415,1.178
Bzu4G8uZs-4,music,8,1.79,188343,1430545,2.298
BzzG-yDxA1c,travel,4,1.07,52945,68719,0.631
C-DfipidnOE,science_tech,8,2.01,219987,1710398,1.77
C-rumHvmqCA,entertainment,8,0.91,9009762,15045586,0.755
C2-bOy3H6Ss,howto,4,2.42,64442,483009,1.288
C3_spbo8eVc,music,11,1.67,132458,739428,5.175
C54cHGCwBdk,sports,15,3.33,69490,603868,5.099
C5jcZGcMdaI,film,5,2.41,2382,21701,15.333
C6Oo9Hel6MI,comedy,6,1.29,51422,195363,1.33
C6SZa5U8sIg,film,5,2.17,1898008,10083696,2.423
C7lQ_jqSqKQ,entertainment,12,1.96,165113,1025505,1.899
C7mxTEskjQg,pets,12,2.0,197604,801597,6.803
C82YHbZNmKs,howto,4,1.48,7544,24611,1.132
CA6A3ZlGlH8,people_blogs,5,1.71,165086,432969,1.046
CBVGjS_EJok,entertainment,4,8.25,68229,108297,0.578
CFa-pa0-VqI,howto,15,2.08,904592,2235021,2.7
CG9yQ8PXf6o,music,15,3.56,174223,4409293,
CH3aAnw7XeU,entertainment,7,3.3,22379,656029,1.607
CHXD9k19q1Y,music,5,1.25,130856,539715,1.998
CJRw18MtRPg,science_tech,22,1.37,724381,3323467,4.993
CJUgcgFNNWA,entertainment,8,2.4,15707,169130,2.874
CJv0I-xYuC4,entertainment,14,2.01,67388,635182,4.069
CJzaYLc4pPY,music,6,1.79,650840,4007147,21.008
CKPMAICRYuw,entertainment,4,1.42,137912,554250,1.077
CMJblEavb7g,entertainment,8,3.28,18217,83499,1.178
CNBGEWRdeIM,howto,6,1.56,52847,193794,2.233
CP23fL52Bes,entertainment,16,2.42,45354,309062,4.405
CP5Ro3oy-ec,entertainment,12,2.38,859382,4996413,2.805
CP6aYDssDSE,travel,8,1.33,496328,2093619,3.027
CPjWgk0UXps,entertainment,22,4.37,71626,1474452,6.76
CQQit01HHLY,entertainment,13,2.12,377597,4444686,4.897
CRSsa2o6PDQ,comedy,8,5.27,25761,782535,2.585
CRiBnM9l4N4,howto,5,2.33,180913,1757685,3.069
CRnCh-Y-kwM,news,5,1.5,3010,16210,1.132
CT-orZzuN2A,entertainment,7,2.25,436320,2335156,1.363
CTFZoz-mB5k,howto,13,2.42,60848,399851,2.878
CUNq2_VjRn4,film,13,1.23,2042299,9001804,4.552
CW70dL5430c,science_tech,4,3.08,7875,111950,13.589
CWAX-tiepMo,film,6,1.33,472582,1380940,1.28
CWrjDoEBQsw,howto,5,2.33,53997,612653,2.119
CX11yw6YL1w,music,19,1.47,4028573,25769711,9.639
CXK3OiDgymo,people_blogs,5,1.99,91280,758192,2.602
CY8E6N5Nzec,music,8,1.8,1241430,15208321,
CZ7KRUYQyKE,people_blogs,5,2.04,348638,1542531,1.616
CZMO9Ud0tOU,education,6,1.35,85616,313187,1.875
CZkUNPBlJIQ,entertainment,10,1.76,1409998,7701371,2.944
C_SJgw5MVFY,music,4,1.79,5440,23987,2.662
CaE0JD1X12g,film,4,4.29,115707,2174369,10.927
CahQhevkcCM,people_blogs,9,2.25,647143,4227252,1.979
CbWP9nvnRhw,entertainment,12,3.21,206937,3577738,3.948
CbfnCflL4-E,film,6,1.41,90382,253965,1.056
CeCgsmTjHjk,entertainment,11,1.21,1126268,4789480,4.546
Cf3zj7D8SQ4,film,5,1.37,609260,1776291,1.066
CfvTmIEN2Hc,music,6,1.79,88977,391174,6.029
ChF_ypmiIs8,music,6,1.79,43866,241991,8.772
CiFnp-oKZQc,people_blogs,6,2.68,121573,839162,2.453
Cp6j-izXLtE,entertainment,6,1.21,259127,776037,1.392
Cr9oGxr0Qa0,science_tech,5,1.42,31902,179948,1.613
Cs2Xr2b7ako,howto,4,1.86,32257,242776,1.369
Csnsq9f_ZkQ,film,5,2.29,98004,1203351,1.805
Ct9BFr9XBaI,music,5,1.67,205025,996503,5.075
CtBca6H6Teg,film,6,1.25,422048,1531538,1.545
CvAQpSdcvno,people_blogs,4,1.71,52934,196811,1.923
CvkOWb1U-LI,science_tech,9,3.2,13881,282309,3.443
CvqtJTrsKCE,people_blogs,15,2.21,66922,602591,4.353
CwKp6Xhy3_4,music,15,1.67,90501,1606993,
CxC161GvMPc,education,7,1.33,142813,479201,1.65
CxGUmtRLm5g,entertainment,4,3.44,868137,9293828,
CyPPi6T3D3s,howto,7,1.65,350996,1504263,2.008
CzCfd0eaWoA,howto,6,1.2,407118,1361969,1.125
CziCidR4KcY,music,5,1.54,182960,681439,3.3
CzmIrPvIzxk,film,5,2.25,274642,2819213,2.512
D-IkMEDaNQY,entertainment,5,1.99,243717,1280410,1.518
D0N3qaqXymY,sports,5,0.97,147180,212416,0.755
D0aAYfRBVik,music,4,1.25,511459,1516733,1.34
D18e8aU-UWs,music,6,1.39,740497,4005064,8.869
D2UE_Gw7XpI,comedy,8,1.29,98559,357439,2.026
D2mxKEa2xmA,entertainment,7,2.46,28331,218721,1.422
D3BJ5bt5VbA,science_tech,8,1.29,114432,297405,1.321
D4pdh0eTsxw,howto,13,1.25,53043,218903,2.903
D52qnC7dJcQ,music,12,8.31,97743,1861355,
D5D90CLAILY,entertainment,12,4.41,20692,538587,7.486
D5bEwcJ8eCI,education,4,5.4,2994,330372,
D6Oy4LfoqsU,entertainment,25,2.27,174447,1066451,5.511
D7JorwX31CQ,music,4,2.79,62246,348783,3.037
D7plDibrP1U,news,5,1.11,977461,2591777,1.039
D7sj7L1uLiw,entertainment,6,2.17,491074,3601697,2.383
D818vkK10UQ,sports,7,1.56,96952,357054,1.463
D8mu5AgUsPs,entertainment,12,1.79,97469,369487,1.987
DAi3GgwhDR0,entertainment,8,2.0,239609,1077108,1.528
DCUD9kjYOAk,music,10,4.83,95685,1769200,
DCcA4FyWeXI,gaming,4,1.81,8825,57462,1.231
DD4jmj9AevM,entertainment,6,1.41,32619,91161,3.112
DEXfRMTRJss,entertainment,8,0.88,337107,598483,1.191
DFZmEaNqdNc,film,4,3.06,2810,41375,2.225
DGdSlnw4D_M,comedy,5,4.11,255548,2889410,4.853
DGhPGH2YROA,music,13,2.25,179947,2408990,8.755
DIBw9dSVKdU,film,14,1.43,4035308,22546976,4.073
DIM6F38ITsY,entertainment,4,2.17,10664,104773,3.243
DKPCBAlDw2A,music,9,2.42,1177218,15088622,14.353
DMKcO-T5Y4o,education,6,1.37,275042,838402,1.2
DMlITdf3w-o,travel,10,1.46,238676,1224103,2.605
DNrNMg8_gEs,entertainment,15,3.25,54607,1651715,4.583
DOyL60sgi28,news,4,2.06,28447,93865,0.731
DPCW4yvWQT4,entertainment,6,2.29,257971,1392693,
DQQN_79QrDY,entertainment,7,1.25,962503,2787618,1.643
DRfniGCgW0I,pets,8,4.14,40430,339517,2.491
DSG-zxGRkJw,education,6,1.33,79066,334148,1.293
DSRSgMp5X1w,music,7,1.5,1950592,8538280,2.977
DTDnD3MYwuk,sports,9,1.21,284323,458952,1.077
DTErM4uuPdc,howto,6,1.29,77473,300715,1.71
DTg2FihPSso,sports,5,1.38,241242,1011136,0.747
DV1OqgHb3jc,howto,11,1.17,2117668,5790135,3.398
DZJod5hUqx4,entertainment,5,2.68,68004,602127,1.988
D_6QmL6rExk,music,12,1.37,2235912,12709520,3.843
D_CZ8v9uZJY,howto,11,2.19,108713,1179451,2.714
D_eZxSYRhco,entertainment,8,1.29,1093674,2953664,1.307
Da-2h2B4faU,education,13,1.44,575994,2982517,3.079
Da2crn5NXc4,howto,6,1.25,262769,1018706,1.808
Dan2YMDCpms,howto,14,1.12,925893,8261252,3.234
DbF91ZtpGGc,comedy,6,1.75,249080,1639042,1.451
DbJ2s_g1oDc,entertainment,5,2.17,72959,1014163,1.9
Dc6ZDo9ViNA,entertainment,5,1.64,206127,887451,1.692
DcCh33lJLMw,people_blogs,11,1.07,333800,1694330,4.005
DdLYSziSXII,music,16,1.37,2049542,12692130,8.788
DfxhWPvhFCQ,entertainment,4,2.33,140986,581030,1.195
DgaC0ytqdv4,entertainment,11,3.33,26226,303101,3.268
DgljcMqPG98,film,12,1.96,95893,507121,2.256
DhwwTxTh5To,science_tech,5,1.42,101609,474858,0.962
Di4QJUCElgs,people_blogs,4,2.06,18451,160409,1.179
DjjBg8hTaPo,science_tech,6,4.33,5562,202550,5.391
Djxjmq9pvrM,howto,5,2.29,19324,166906,2.617
DkXD5949qqQ,music,5,1.75,93963,331638,2.784
DkeiKbqa02g,music,19,2.04,2810913,71017021,1317.565
Dm1tTSZHj8Y,education,7,1.07,35598,111619,1.466
DmTcVy7Ng-g,comedy,7,1.23,26299,79591,1.944
DmWm3ar0PiQ,howto,6,2.12,17331,335613,2.578
DnSO5Uhobvo,music,5,1.65,135137,639685,1.277
DuRobNfQK5c,news,8,1.37,48958,182200,1.218
DuTnYi_HW2o,science_tech,4,3.12,44263,277281,5.486
Duc3F700lgE,entertainment,19,2.11,116110,1132118,7.646
DxSf6Nb_I7o,entertainment,10,4.96,30465,293591,4.505
DzNwinmBawo,people_blogs,8,0.86,442448,756023,1.134
Dzr9f-rkjnw,people_blogs,4,4.98,89903,403844,11.022
E0cbWdlQg_8,film,7,1.42,1042510,4126161,1.852
E21NATEP9QI,news,10,1.5,283713,1209601,7.049
E2qtPth2W6w,entertainment,19,2.58,40135,562303,5.4
E4c7EE8_IX0,music,15,1.5,1244107,4682557,6.856
E5yFcdPAGv0,music,13,1.34,4022582,25016614,4.696
E60w-0q8Y0Y,entertainment,12,0.94,932151,2910609,2.715
E9eAshaPvYw,film,5,1.98,78115,377621,2.783
EA5Tn5Gw_8s,music,5,1.33,5897,25145,4.519
EAGhzuitLXU,music,12,1.32,1251228,7061203,5.265
EBt_88nxG4c,music,8,1.42,3635122,21545253,9.357
EC5UCCnk59c,sports,11,1.99,251214,1426823,1.665
EEIP1YpFXrE,gaming,6,1.17,239566,1249486,2.578
EEzj0HMz5Bc,comedy,6,1.91,341205,3185320,3.396
EFwa5Owp0-k,education,15,2.37,90504,633875,15.804
EGV9Ms9EHcg,entertainment,23,1.71,145578,810080,7.421
EJjh19zO1lk,entertainment,5,1.92,273228,2835009,10.914
EJu_wPGFTw0,sports,4,1.36,4644,11156,0.574
EKkzbbLYPuI,music,6,1.33,666360,4355869,13.573
EMTo2UqcnGg,entertainment,5,1.74,48216,403229,1.684
ENr6CXm1YxU,music,4,1.67,20810,90268,3.236
EP06RO4INws,travel,5,7.38,15553,244593,3.156
EP5ExDvQ3p4,entertainment,4,2.23,3984,76956,1.357
EQ748TZcuqs,science_tech,8,2.45,48952,321688,2.081
EQqIiTk2fy4,people_blogs,15,2.3,77735,1004615,3.613
ERBEwrn4f7Q,entertainment,5,2.04,33143,319546,
ESKmRiLjNpg,news,15,2.26,441783,2238723,1.967
ESyJop31cmY,people_blogs,12,2.1,42240,380230,3.719
ET6XGZqOyjY,howto,11,1.29,460190,2272385,2.877
EU-eQpCqBXQ,comedy,12,2.24,504810,3290220,2.759
EUwzWHD3Htg,autos,6,3.0,425688,2396459,2.492
EWf7P3okX9s,gaming,10,2.25,154073,1430025,3.014
E_86MEdNsAI,entertainment,5,1.17,38958,122054,1.466
E_ViwNxUldw,howto,13,1.16,109525,784713,2.761
EaEesT3HO4w,sports,7,1.14,64222,215603,1.153
EbbL8NhdTQE,film,12,2.21,151158,1250022,2.087
EbuCLC_wVlM,entertainment,6,1.38,91228,447310,1.886
Ecd4eA067P0,entertainment,7,1.42,142831,617155,2.093
EgUMLjp3H4E,comedy,4,2.09,11608,45037,1.309
EhSXsTSNDyo,music,10,1.46,649605,4611406,10.798
EjW7WzozgI0,music,11,4.0,236775,3010746,37.667
Ek3aeUhHaFY,people_blogs,12,2.08,364997,4289238,4.294
ElmsIGT85tI,music,5,2.25,298340,1904633,
Em8C6AvD4sk,entertainment,4,2.29,5759,54141,1.877
Eouvsy8JdLU,entertainment,4,6.3,4432,152533,2.58
Ep6-bNu16_I,people_blogs,5,1.75,385209,2828138,1.395
Ept29ceiVfk,film,7,2.4,2732338,7941440,1.048
Eq1BuMoTW7Q,howto,5,2.04,58710,172367,1.356
EqeIRzY7hIU,science_tech,12,2.21,193522,1566455,3.088
Es9CfWMmPRU,entertainment,14,1.57,202666,1259565,3.466
EsaHiIdsKpE,entertainment,4,1.64,280158,1794696,1.796
Eswl8SSywzA,education,5,1.37,200259,886348,1.681
Ev9rOA2Yjs0,science_tech,6,1.09,1317018,2305543,1.067
Evz-ZQC8wss,comedy,9,6.04,13639,495194,7.279
Ew-3-8itpjc,howto,6,2.26,87609,512726,1.814
Ex9mcCs3dhE,entertainment,6,1.35,376044,814925,1.65
Eyh1_XGHAnQ,news,5,1.35,168989,582785,1.3
F1b5ouja_VI,comedy,4,2.21,65798,701874,1.135
F3eSaEHSCu0,entertainment,10,1.5,18680,351519,1.777
F4qfN5UeFvQ,music,6,1.62,1855087,7964424,3.135
F7jcFXTnBiQ,people_blogs,10,1.94,19582,156242,72.436
F86S9Uc4mP4,entertainment,6,3.12,294119,1080069,1.497
F8BdzL8OltM,people_blogs,8,2.08,274695,1593449,2.608
FApBWHvUzMs,comedy,12,1.16,300153,659476,1.98
FBhVIhmh_N8,entertainment,13,3.29,9033,200610,3.152
FDbb28N7iI8,people_blogs,13,1.02,794768,1895867,2.531
FEjZiCPuvqQ,pets,4,2.37,4392,48037,13.843
FGHji60FP50,news,9,2.12,50486,268145,2.208
FH4SVGKUX8A,music,5,1.37,7438,21776,1.367
FKA-Jy6nuE0,music,4,1.67,24053,69795,1.138
FL9BbzUYXjA,comedy,7,2.29,742204,3951217,1.949
FM_7ZyE0ib4,education,5,1.84,2601,14381,1.065
FO6My1joJVc,entertainment,6,2.37,165422,1659593,2.118
FO_Ox_dH0M8,education,5,1.33,57543,283505,1.126
FPXXy-rGq-M,sports,11,3.1,78930,1249972,2.696
FQC29joihwU,film,4,2.61,419396,1667408,2.192
FR5WT12B_88,entertainment,13,2.29,184991,809389,2.568
FTv-CE43PpM,entertainment,5,2.18,7894,93534,3.879
FUPQ8Lz_kSk,howto,4,2.04,66209,336861,1.316
FUQexMOrDBI,education,7,2.46,52810,321872,1.889
FZiCWBplZ90,comedy,6,1.95,62379,355131,1.384
FaJmopuuhZE,music,7,1.33,48697,186119,2.688
FaxqVBYVOVU,gaming,6,1.88,64892,246989,1.68
FepIkIILumA,sports,12,1.09,5796610,18040000,3.19
Ff7wbSwTuEk,comedy,8,4.89,327496,1587062,4.72
FfSXmbAGl8A,music,7,1.96,19168,90870,3.312
Fh3zmz7Ravw,comedy,4,1.79,162703,639815,1.231
FhhlMSpvCQE,howto,5,2.43,25035,173562,1.571
FhllRWReNEE,people_blogs,6,2.17,758107,7645235,5.952
FhwktRDG_aQ,entertainment,15,1.48,967833,3174393,2.082
Fjm81OPZbpU,music,5,2.79,112912,955104,31.204
FkiQ67FtycI,comedy,4,10.12,7043,1405318,
FlsCjmMhFmw,entertainment,7,1.25,27829572,149376127,4.15
FmmLiydvFI0,comedy,7,1.84,153615,1604421,1.983
FnAx2bLICOo,sports,6,1.49,310707,1134166,1.105
Fr0wEsISRUw,science_tech,11,1.49,102498,481100,1.856
FvBcYkY7ZGo,entertainment,4,1.54,360777,1310832,2.357
FvLdEZ3mg54,entertainment,5,333.36,10425,22768,0.583
FwENtwtY0EI,entertainment,13,2.08,515708,3306586,2.535
FwzoDS3zL_4,entertainment,6,0.95,280953,804049,4.951
G2JLc63P7pw,sports,6,1.6,57815,194964,0.766
G4BxOhJOmUw,entertainment,8,1.32,310942,1499698,2.394
G63TF6OMa_8,people_blogs,11,3.75,154538,1161732,6.756
G6n7oA5yoPY,science_tech,6,2.54,20086,287081,4.728
G9frAfYl_dw,howto,4,3.17,148927,1111255,
GABCneYEE84,film,6,1.25,918834,2693629,1.365
GCTyFp0PpHE,entertainment,4,3.27,64715,386090,2.449
GClwSu4hKpQ,entertainment,6,1.1,18988,30803,0.729
GEB2f5dpFXs,comedy,12,1.12,1571326,6225124,3.527
GEsK9GudV2M,music,11,1.79,246768,1556997,7.05
GFGVhIhEZJg,howto,4,2.09,21370,149550,2.005
GFU-y2ldabU,people_blogs,5,2.04,115912,791659,5.466
GGvP6e56ja4,entertainment,6,1.54,207985,881729,1.465
GIn4CeZq7Nw,comedy,5,1.37,28612,97795,1.426
GKBI_bVFSfs,autos,4,4.1,460488,5179255,1.132
GLZZn7lCtcI,sports,6,3.14,4532,83121,1.409
GLbX9CL7Yg8,comedy,8,1.79,346474,1314784,1.686
GLrSJJRKrDU,education,4,2.06,86419,430191,0.927
GM1QDBvzm1Y,entertainment,6,1.35,954601,6855630,42.877
GMOG2yY6pAI,science_tech,4,2.15,25272,202523,1.294
GOALfmDp_Dg,entertainment,6,1.46,61390,272661,1.25
GO_Jxa6dWyo,education,10,2.27,26364,216380,2.62
GP0uH-PaE_E,howto,5,1.44,20241,75363,1.248
GSCP2yg-v2g,film,6,1.29,463526,2019235,1.744
GSe7TFm1lBk,sports,5,2.21,88822,403941,0.698
GStMSkhmYEs,travel,5,1.37,298995,1065389,2.312
GTSjDaoZcAk,howto,7,1.24,40058,166418,1.144
GWMKelv5Bmw,comedy,7,1.17,704931,1969654,1.226
GYLBjScgb7o,music,9,1.47,270818,2250165,2.573
GZMrivD2Aok,entertainment,6,1.37,102098,316763,1.481
G_Pu00NmJfg,howto,7,1.33,89010,453170,5.486
G_UHknhNbAQ,news,5,1.46,121165,651781,1.251
Ga7thDlGbs8,news,6,1.1,22990,41253,1.219
GbrueARGMhE,entertainment,11,2.42,162933,1704711,3.828
GeF_5qo00Uw,film,11,1.35,590107,1842120,2.667
GfCqMv--ncA,music,4,1.46,1404276,5263337,2.428
GfxNGjfSKRY,music,19,2.29,98963,832097,10.633
GgVmn66oK_A,news,4,2.42,147861,789594,1.433
GhHBfDK4lE8,howto,13,4.25,23198,248880,4.089
GhxqY5E_ASw,entertainment,13,1.29,301030,834067,1.647
GjDK_6NtYGQ,howto,5,2.31,565478,5712641,1.573
GjJKdQTD1bc,entertainment,11,8.24,37804,2593188,5.3
Gjs1QSa9fpI,howto,4,1.37,21204,114266,0.983
GjwjzIFcX7U,entertainment,8,1.29,586997,1752139,1.606
Gl_uGsdG4Do,entertainment,12,1.42,129745,566497,3.111
GnGPAYvve1A,entertainment,6,1.2,477328,1329391,1.064
GnevZOMl78I,comedy,6,1.29,321390,1341344,1.889
Go3DZxyoH_Q,howto,5,1.4,13426,90521,4.375
GpbMbBNP-NI,howto,12,2.0,41969,344518,3.062
GpxCT36DxKg,entertainment,14,1.25,4190543,14100194,1.855
GqF5lyEUfMk,comedy,11,2.12,118493,1159497,2.858
GrnswGtm_Sw,sports,8,1.23,62439,213423,0.862
Gs26bZTRkdU,education,4,2.12,169510,979732,5.058
GsexKH-Ubnw,people_blogs,12,2.43,110653,927416,1.699
GskBiFLSayg,sports,7,1.61,213771,1399244,0.965
GtzFWqiVzW4,entertainment,4,2.04,13902,116925,
Gw-Mm-hS_UY,comedy,4,2.1,140737,1366939,4.773
GwKiyICIUO4,sports,4,2.68,12208,184348,32.263
GyvRamX1VyA,entertainment,6,2.1,77223,480162,5.124
Gzy_nCkn88U,science_tech,13,1.85,366002,2695414,3.854
H-WEhug-up8,pets,15,2.46,271189,1672881,6.8
H-kKZujl8CI,news,5,1.44,340200,520636,0.551
H00djJq68VE,howto,10,2.0,61356,324324,1.939
H08xgoXkpa8,entertainment,6,2.34,101234,828227,4.285
H0g4JxKp4fc,comedy,15,1.21,647793,2305537,2.392
H14tqKZYhgg,entertainment,7,2.44,2099713,4804118,0.818
H2nY7Tu1Qgs,howto,4,2.33,178409,1410716,7.883
H3mX88_tx3Q,comedy,4,1.92,240820,1694595,1.303
H4CkXh3FSo8,people_blogs,5,1.33,99439,398429,1.262
H5tK00zL6EQ,people_blogs,5,1.99,35169,250852,1.374
H7MRHuzCNvM,entertainment,4,2.29,122649,378924,0.969
H7gh2fmdjCU,music,26,2.04,474052,9912584,20.11
H8bmr4oR19c,howto,11,1.99,610952,2525751,2.678
HBvPrh2yMik,entertainment,6,1.46,155638,978124,2.111
HCIqTAFRkko,entertainment,4,2.64,69728,411736,1.429
HCO7BWbKipU,pets,13,1.5,484321,1585496,2.321
HDYJVmoWoyA,comedy,23,2.08,73385,653820,6.279
HDx7dI1D1zE,entertainment,4,4.33,94120,2792376,7.913
HEVonh8bjC0,film,6,1.17,477555,1547238,1.258
HF27coLl2-w,people_blogs,7,1.28,29740,72305,1.112
HFGzgtMyOZY,sports,14,2.08,236096,1736992,8.801
HHOyg1oDeis,entertainment,7,1.12,504870,1836620,1.906
HIwirSk4RjE,entertainment,4,2.21,176508,1319340,2.456
HKIIgYFhQlE,music,6,1.79,418551,2699114,10.113
HL6ECWZ8G1s,education,5,1.42,450025,1235860,1.081
HMU5njzTAK0,film,6,1.91,15739,71767,1.306
HNvX4pY1TLI,news,8,1.94,157137,875577,1.125
HOxylh5runs,howto,7,5.12,5742,232787,3.16
HQiDKE85P3U,people_blogs,5,2.22,186897,1790555,1.737
HTi1c_tLnqw,music,5,1.37,221528,869519,3.478
HVKuA1s5I3o,music,4,2.79,42471,234583,732.693
H_4ESBLJXQc,news,10,2.95,73833,243623,0.975
H_ZaS6agxPs,people_blogs,4,2.93,1577,27710,2.504
H_cwo3NxUUA,howto,5,1.25,364737,746417,0.909
HaRpFCEWLE0,music,5,1.37,27830,95044,2.388
HbKnEQdCjGg,music,11,2.0,71331,351765,8.611
HbNYuOTaYFs,science_tech,6,1.06,133040,373332,1.321
HdusPnywwPI,howto,18,2.29,119093,1371236,3.985
Hgc2njyY4Rs,people_blogs,7,2.17,17973,73861,1.505
Hgiu9cqph5Y,howto,16,1.54,713195,2766173,7.437
HgjVWV0Uw3M,entertainment,6,2.23,7019,107574,1.567
HgknAaKNaMM,music,14,1.42,1026320,7441922,22.364
Hh-YcWJTt7Y,entertainment,17,1.36,218730,726277,2.914
Hi2tjMLVpdQ,science_tech,6,1.29,567661,2277907,1.227
HiQHcbFJv_o,comedy,10,2.08,119410,1561955,2.433
HicAnFGE9bA,education,5,5.08,2497,153263,6.767
Hj3zmfipxqk,howto,9,1.98,22254,152388,2.275
Hk5dxn5dj2M,sports,12,2.08,1679917,15985004,3.861
HkOLf9BMRZ4,science_tech,4,1.41,7010,38307,0.858
Hkx5fveyjIs,entertainment,5,2.25,27944,154432,3.311
Hl6lrx2O6WE,sports,4,2.08,38757,182783,0.591
Hlch9lKAeXo,film,4,1.29,262318,1013084,0.775
HmBIn9De-Yc,entertainment,8,2.25,44108,340750,2.346
Hmb0Q0Q_7jo,entertainment,8,1.31,260770,1092708,2.195
Hndpk6A4VcE,comedy,6,2.1,23110,90730,1.253
HnnRyhuX_jM,entertainment,6,1.29,459528,1687203,2.212
Ho-QAgN6hHA,sports,4,1.44,46065,175545,0.904
HorugBalutw,comedy,12,3.11,60332,1235835,3.863
Hq4jk71B1Hk,howto,8,1.96,16672,104249,1.623
Hq89wYzOjfs,education,4,1.27,7760,27997,18.072
HqwVFXyCfOI,entertainment,8,1.25,511421,1371599,1.739
HszBf-CJeVE,entertainment,6,2.26,276680,1485868,1.288
Htu3va7yDMg,music,5,1.79,407833,1632855,2.989
Hu5FZYlCfc8,comedy,13,2.45,55954,402706,2.485
HuWLoCF9rWQ,howto,15,3.05,52106,1246192,3.682
HuwPCUzqwKs,music,14,1.76,92068,955486,20.642
HvPbH30KWLE,music,5,1.42,458716,1319753,0.98
Hvysy11716g,education,5,2.42,114020,752354,18.233
HxuHo62reRw,howto,8,2.21,273379,1507123,1.775
HxuRKqGx0Ik,education,8,2.42,45702,371677,1.779
HysgiQT5_eI,sports,4,1.46,201759,1127673,1.627
Hz56cJfoYgc,howto,5,2.36,88260,1261723,3.704
HzILu6yyA20,film,4,2.42,73978,3689210,1.267
Hzk1bM2vVFU,people_blogs,8,3.17,133031,1458061,4.846
I-5CODzeGEE,film,4,2.67,4164,71707,1.897
I-BGTp-I9aU,entertainment,14,2.1,601987,3154859,3.287
I-FHMnfORbo,howto,9,2.04,29975,181238,2.739
I2sRc3j7IU0,music,10,2.42,271426,2235991,6.44
I3ysRfAo49k,comedy,5,2.57,557279,2937449,2.456
I5qFoctplSU,sports,4,1.88,413436,1691529,1.049
I6N-XuYllgA,entertainment,7,1.29,534867,2319083,1.683
I7LJIuB2CHE,science_tech,5,1.41,701003,2168569,0.984
I8TVdFbFMg4,science_tech,7,1.28,262038,930513,0.942
I92OeEHWmTc,music,5,2.04,73496,217531,0.857
IBHx9uwCy3w,entertainment,6,1.26,340035,1430059,3.505
IBVo8dfqTBc,sports,5,1.88,1935991,11509602,2.401
IC_lnyn2R2Q,entertainment,4,1.41,222455,967640,15.102
II-OP6vdMs8,people_blogs,6,1.71,305218,1357946,1.83
IIS1M7m9tw8,people_blogs,5,2.08,95193,618966,1.741
IIyZuKN2j7U,music,5,1.77,161575,522522,0.789
IJofEhiRpy0,entertainment,14,1.17,502484,2226333,3.069
IKCcW7d1tlg,news,4,6.0,9057,136012,0.855
IOLzpBzUXZs,autos,9,9.12,118625,519161,9.189
IP4hs_wq5yE,sports,10,1.93,305372,3621505,2.067
IPgdIHV_zMo,film,9,1.17,338838,1071466,2.197
IU-Fo-QEpOI,sports,11,2.04,352011,3095325,3.687
IUmdcd_8Vwc,howto,5,2.33,19520,136047,3.604
IUsFWiE0d20,people_blogs,7,3.33,6918,157819,4.566
IX3_Aqji4yE,education,8,0.99,317761,829768,4.6
IX6gYfA6l88,science_tech,4,2.42,145652,1201914,4.454
IXNrHusLXoM,music,5,3.54,459650,3053922,7.53
IYhwU5Q5mkA,comedy,6,2.04,48823,384050,2.261
IYyjBXDyYLo,entertainment,7,2.04,30995,238791,1.93
Iay3Wu6wybA,music,6,2.08,135983,1960238,
IbVR4kzVQrk,entertainment,4,2.79,10487,114696,1.801
IcDI1iWmIp8,entertainment,13,2.33,706193,4973032,3.157
If-n27SUAl8,entertainment,5,3.61,2869,31831,1.682
IgEcA4RT3tw,entertainment,5,1.42,219427,788036,1.329
IgUlowmSeHo,education,11,2.42,76802,341347,2.262
Ii3Rr4-Pxow,howto,13,3.15,118659,2284631,3.53
IiRmtBZu0pM,comedy,6,0.97,412410,835472,0.886
Ii_Gz1WbBGA,education,5,1.33,63868,267685,1.23
IjFxx9SrOTU,travel,4,4.29,12379,89923,5.002
IjTBcqpl2kc,people_blogs,8,2.37,525134,2522343,1.686
IjvXgzSa1Dk,howto,14,1.4,259290,918115,2.382
IkV5VpEROW0,people_blogs,6,2.46,150432,1524569,2.562
IoqDYnn7VKA,comedy,8,1.27,147445,535094,1.48
IpN_wAlYZSs,film,14,2.29,66653,1921167,3.529
IqutUA3UOuw,comedy,5,4.22,6812,131168,
Isvqg90LhqM,film,6,1.69,1524855,5605621,2.35
ItL6vcUrpUs,music,12,1.29,588898,4513621,18.347
ItYOdWRo0JY,science_tech,6,1.97,1064141,3798127,0.966
IuYFvaNHJug,music,4,2.05,36862,212237,2.785
IumYMCllMsM,music,4,2.54,558052,3202879,
IvAvHjYoLUU,education,5,1.35,129829,521943,1.122
IxF3mxWbdjw,entertainment,7,1.36,250372,1203464,1.628
IyRRk3wgKMo,gaming,7,1.0,622712,1973925,1.343
IywiodrtyfM,comedy,7,1.99,27269,245217,3.612
J-dv_DcDD_A,music,16,2.5,2483404,44782227,11.25
J0epg1oHGbM,music,10,2.5,481324,2950319,2.057
J0jgpUIbMEo,howto,4,1.66,21759,85744,1.818
J15vfXqnwWw,sports,11,1.13,2288593,5270335,2.936
J2HytHu5VBI,people_blogs,8,1.8,4043243,33627806,1.739
J2kNt-PHayo,howto,4,3.29,7474,128997,1.473
J2m7EUwnqGg,science_tech,8,1.83,604923,8916546,1.359
J3FcbFqSoQY,science_tech,5,2.83,2716,89218,3.0
J41qe-TM1DY,music,5,1.83,1035420,7200045,2.368
J4vdqPcGJI4,sports,6,0.84,73861,96521,0.974
J6R0X6NTnSw,music,9,2.33,564972,6554859,24.184
J6Tc4iyefe0,news,6,1.29,21820,63358,0.818
J6iyX87SBP0,film,7,1.42,130760,349102,0.889
J75enyWdbBM,music,9,9.32,345022,7915761,
JANApS0P4z8,comedy,6,1.37,963035,2952730,1.759
JA_sKkXiQMI,people_blogs,4,12.36,252,9560,1.118
JBDWIGpKnwM,entertainment,6,1.19,853539,2618541,1.18
JDkHmQEOkYo,comedy,7,1.94,34804,348104,
JDmse8M-3-Y,entertainment,5,1.29,1084923,3695752,1.241
JDnfux-fSJU,entertainment,4,2.21,19785,167733,1.299
JFmkRNbDF70,entertainment,10,4.91,60297,1394264,3.104
JFydHaV0klA,entertainment,11,1.08,761120,2403767,2.732
JGo_a82jfj8,entertainment,5,3.12,161921,1969648,2.119
JJgiKhhpGvQ,travel,8,1.08,229193,416921,1.125
JKFgn6tNU6w,film,7,1.97,68502,325082,3.168
JKP-rOESfMs,gaming,8,2.0,130669,850092,1.281
JLOFZoBJnd8,entertainment,5,1.93,50804,540553,7.197
JNWwVDkj24g,education,9,1.3,245785,843024,2.112
JNyZ49q4vrU,comedy,20,2.1,557008,3388958,3.697
JOZzku2SrzQ,comedy,7,1.2,517453,1903783,1.571
JOwmqPPkjww,pets,4,3.15,113604,642935,3.486
JQbjS0_ZfJ0,music,9,1.29,2552324,16354826,18.632
JQkjAhmvITI,science_tech,6,2.36,25380,335194,2.244
JR06IhY4C2A,news,8,1.35,204287,1018634,1.119
JRAOdRq-1lw,comedy,8,1.34,330839,1727840,3.917
JRocY48P0qA,autos,8,2.34,144633,1549098,2.896
JRuC_NoBrM8,news,5,1.9,4896,39181,0.805
JRzZl_nq6fk,news,7,4.9,94757,1074082,2.54
JVHFMBfG-cM,film,5,1.31,17038,44879,1.341
JWAvRIpuj1U,sports,6,1.15,8382,139068,1.689
JWH5KE1atAg,music,4,1.62,52862,302226,3.314
JZ2fRE_nkak,howto,18,1.33,1040552,3335656,4.89
JZ6cvJVULp4,education,4,3.12,20764,228568,0.881
JZoO1Ftj-bM,film,6,1.25,618317,2091534,1.562
J_CFBjAyPWE,music,4,2.62,3048977,21594339,6.736
JbazoX5Su1w,comedy,8,1.16,139510,586875,1.784
JcdLF6XQ0iw,entertainment,7,2.21,1609448,12018779,4.888
Jcghl0lbDSk,entertainment,6,1.73,2730249,6450575,1.762
JdHhNxedKs4,entertainment,4,2.75,4789,96835,5.907
JeRtUXTQ_aQ,music,8,1.44,282645,1680396,21.995
JefYnYIXY_8,education,7,2.12,63571,311971,1.685
JfQ3W0wjGh4,film,12,2.09,165327,1318729,2.95
JhvwFB-NUbA,entertainment,12,1.42,264150,863560,1.462
JiOXpKU7tWc,people_blogs,6,1.16,75389,238661,1.42
Ji_4dH_FXzw,sports,14,2.03,66945,649426,4.963
Jidk0O6uu-0,people_blogs,4,1.69,12590,77763,1.269
Jiia2IcFwqk,entertainment,5,1.64,124484,386062,1.042
JnepCulEQOo,autos,10,2.0,59722,168863,1.203
JoqBlEBpg9s,science_tech,8,2.33,13883,173088,3.721
JpR_JaVguBk,entertainment,5,2.04,160239,371531,1.242
JpvC3j9Qxus,entertainment,5,1.44,765012,2723593,1.473
JqIkzS2wSz8,entertainment,4,2.37,14382,112034,1.344
Jq_98dJuIck,entertainment,4,2.29,52451,607251,1.46
JqfuKsoEEms,entertainment,13,2.46,898045,12968374,1.295
JrFiNSueT3Y,entertainment,6,1.71,122922,414562,1.345
Js04hvdVUA8,gaming,4,1.22,184361,1045841,2.158
Js3WIRF595U,science_tech,5,2.06,117886,1044905,1.118
Juad74hE6rs,howto,4,4.31,2002,63461,
JuhWVxLtfWQ,sports,11,2.42,47315,327251,1.765
JwivtxQEmc8,comedy,12,2.35,72264,489735,2.303
JyG5hdbQpDM,howto,16,1.99,109652,977141,2.794
JyUKqUTp9rc,howto,12,2.2,175863,2309169,3.838
JyVzPx4ecHA,music,5,1.62,99949,203710,1.251
JzA097DmNTI,news,10,3.3,29075,313708,
K-yazBBF3gE,howto,6,1.47,348928,1121109,1.143
K0u_kAWLJOA,gaming,5,1.33,788819,2568366,1.063
K1uiJIl614c,comedy,7,1.58,13108,57035,2.582
K3ZwxsTOD_8,entertainment,8,2.04,131533,850594,2.139
K5BoE8eBzoI,education,5,1.42,442801,1025006,1.14
K5lmXgKi6V0,entertainment,4,1.64,246505,688984,2.28
K5x_3QzLY0U,education,6,2.42,50158,307494,1.489
K62oeVyaC-U,comedy,11,1.95,97811,1292782,6.074
K6Zu3qKhON4,music,5,3.37,45540,307027,6.219
K6xwB8Kkce0,music,4,1.46,201998,1024814,1.428
K7imG4DYXlM,science_tech,11,3.37,11758,321078,3.538
K8rE3XR9z8Q,news,5,2.04,43022,247280,1.647
KB_GCuJwPE4,people_blogs,6,2.07,85793,553818,1.509
KDPG0YEsD5Q,people_blogs,4,2.18,37794,305141,2.492
KFaMZUarksA,music,7,2.07,417710,3873702,4.659
KFm7fKqg13E,news,10,1.44,57462,290706,2.004
KGziD2V8Ppw,music,4,2.79,73638,617406,1.714
KHeAmpahI08,entertainment,5,1.79,68446,388048,5.966
KIEVOMxKWxc,gaming,4,2.33,52939,387223,1.289
KIFiLnPHUoM,science_tech,4,2.19,240,2805,2.901
KNEVjhCXZB4,pets,6,2.46,45993,324996,2.97
KNxUDJ8_qI0,entertainment,9,2.17,178474,1959703,2.346
KOJnOCdBr4s,education,4,1.33,73855,331126,0.852
KONe4SNFA64,howto,4,1.54,1747037,7197522,2.064
KObL442PWhQ,entertainment,23,2.3,165376,1259904,4.464
KQRq9FZqNj0,music,10,8.42,100501,2817973,10.205
KQT32vW61eI,music,4,1.37,139766,375663,1.442
KQkkgD2p3Ow,music,7,1.33,94552,410133,3.897
KRc50VFUsTk,entertainment,4,1.46,42914,427242,2.099
KU-v13ib_1U,entertainment,6,2.04,84580,240318,1.677
KUUjtUP2CrE,music,19,1.93,402050,4808435,11.612
KUXd7p_vd3w,entertainment,12,2.33,100987,775924,3.037
KVit4vSAMsk,sports,15,2.49,420241,4497952,4.718
KVw7fdB8gXM,music,4,1.5,7377,28638,2.552
KWDUojLbxn4,entertainment,13,2.72,96042,998311,3.16
KWM4DVRrdaA,comedy,5,3.96,75935,1002679,2.954
KX0fOxBVMRc,howto,7,1.86,42123,220550,1.422
KXHrCBkIxQQ,entertainment,7,1.17,418177,1257362,2.34
K_XXXDPODmw,people_blogs,7,1.14,520407,1600770,1.863
KaTr8JC0hFA,howto,5,2.17,63098,368276,1.821
Kc6CIwBVo5s,news,12,2.06,1563857,10277358,7.901
KcFQfFB5LDA,film,6,1.21,13247,47752,1.461
Kemqo35m8gk,howto,15,2.41,291792,1454955,3.71
Kf2-86o5S1o,film,13,2.08,369543,5142139,2.224
KhxqJzr6FAE,entertainment,4,2.28,5873,56969,1.729
KijVBPwHhio,entertainment,4,2.86,2594,68011,1.665
KjHan6D3O3g,music,6,1.25,79838,279571,2.391
KksXbA66RQQ,entertainment,11,2.9,91272,790388,3.515
Kn5UgGQukYQ,film,6,403.11,19149,37346,0.804
KobCmaF10vQ,entertainment,5,1.94,9658,77452,2.707
KozDGo0bsJA,sports,9,3.96,28495,522854,3.602
KpHP8VmxnBo,education,9,2.37,99091,771720,1.892
KpL6X856Y2E,news,5,1.52,29037,269181,0.584
Kpxn9nl02qg,entertainment,6,1.74,93652,425995,2.081
KrB-ASnFMVQ,sports,5,7.42,57407,1570411,4.661
KrxDhokzEv4,howto,5,1.36,176449,759274,1.213
KtlERZ5WnaU,comedy,5,4.08,61363,460847,1.105
Kw0ih4jPOBo,music,13,2.62,105953,920289,9.194
KxywNVLAf5o,entertainment,5,2.33,201962,802483,1.32
Ky9aIxiGzfk,film,4,10.09,17300,1154360,2.539
KyQyz2upSgY,comedy,14,1.44,570387,2411761,2.354
Kz7R1i2zFpk,entertainment,5,1.58,347380,1129249,1.529
L0xKz5TsYb0,music,7,1.79,180136,1114465,10.3
L29S0JPOrV0,howto,13,3.18,108598,2334865,3.996
L34y5NGMQBY,entertainment,4,1.17,5560,11661,0.908
L3br0klRqF4,news,5,1.09,16217,166097,1.609
L3ymBk6Vb04,comedy,5,1.84,1774868,8408515,3.124
L4pkD78oKSo,sports,4,1.03,252883,1146392,0.774
L5hl45NIAhc,sports,6,2.98,1671,58234,1.888
L87HuKmGwVQ,people_blogs,16,1.97,388914,4165836,3.148
L8RxxVYWTIQ,entertainment,4,1.96,128701,1313348,12.117
L90R6PtxFKE,science_tech,14,2.33,139762,867704,2.616
L9FA9U4s3Tg,music,4,2.83,19802,189038,3.883
L9FBI1kOEHo,science_tech,8,1.44,279000,1036632,2.314
L9eFkmjIIWA,education,4,2.33,8013,95520,2.211
LALQsqZP1nA,science_tech,4,3.67,9864,543711,3.35
LC3fWTXZXxE,howto,4,3.16,84203,1244190,3.843
LDS8SeO6hyg,entertainment,6,4.34,43812,617505,11.687
LE7QEIy-6NE,howto,13,3.12,37926,432620,3.965
LHLbPgXPnlk,news,5,2.11,3971,55419,1.063
LHUKKrcXfJs,music,5,2.18,70965,435619,4.034
LK3Yz9UpP_A,howto,13,2.28,52681,371510,5.319
LLOB5uG6zSQ,film,13,2.28,73825,1089753,3.435
LLiXwMQW_VQ,entertainment,12,12.3,289202,1962973,3.12
LN-m0Ci8MZ8,howto,13,2.08,395031,2451830,3.257
LNHkxOU7zz8,music,6,1.46,857247,4594686,12.915
LO0FwPXJbi0,people_blogs,5,2.31,31970,210808,1.527
LQicq60aJaw,news,5,1.18,423626,1218771,1.795
LR2edIotyE8,entertainment,4,6.02,23343,202879,1.23
LRrzLpfdY1g,music,4,2.15,33721,169750,3.925
LS5ZSkHUqBQ,entertainment,8,1.25,625453,4829710,
LTNOYZ44ywM,news,7,1.26,35807,144773,1.099
LU6xDgpnIyM,comedy,6,2.17,308075,4605055,3.123
LU86T12xBQQ,people_blogs,12,3.08,37169,820885,4.332
LUuJl490BL0,news,7,1.64,37062,208678,1.404
LX0wFKvticI,sports,13,3.0,55203,423043,2.428
LYX7CnSiBSM,people_blogs,5,1.92,47053,333820,1.348
L_SyKf-ETlY,music,9,2.05,186880,1095765,2.279
LbW-bMToXqo,music,4,1.17,63415,147383,1.205
Ld57wNXddGU,gaming,6,3.38,30778,205209,3.089
LeFxjRMv5U8,science_tech,11,2.8,149434,758927,2.121
LeWtF5y9-6Q,comedy,4,1.29,155788,434727,0.676
Len0qLhmhL0,music,9,2.04,199101,1096158,5.734
LfeEu4_vtfQ,people_blogs,12,2.06,586309,5558317,3.909
Lg5x-YWxpco,entertainment,7,2.17,157083,1199114,2.657
LgmxMuW6Fsc,music,6,2.16,1733635,7967275,2.689
Lj6Y6JCu-l4,music,4,1.37,715262,2705268,5.209
LkpZFd2pZqY,entertainment,5,1.8,41735,213409,1.283
LnA7Au-DLUM,howto,14,2.18,347615,2234419,3.013
LnFsp6iM5dg,gaming,17,1.22,748909,2487714,3.846
Lok8svIS218,people_blogs,5,1.33,32537,171518,0.914
LotoBix4UDM,entertainment,10,2.17,49881,641055,5.473
LqF3QRp3VCE,entertainment,6,1.35,135776,423039,0.999
LqSkYMmyUWU,film,7,772.65,91411,500154,1.884
LqU9CdPs6ek,people_blogs,6,2.08,358369,4134994,3.653
LryQJ25CnKU,music,14,3.46,2434471,41446137,304.345
LsoLEjrDogU,music,5,0.8,12330440,43067983,3.038
LtpqdJkoKm8,entertainment,5,4.12,98206,4919175,
LvC8VzCcI88,howto,8,1.04,898331,2480760,1.689
Lwfhn_MiTTg,people_blogs,6,1.88,75428,487593,1.237
LxoGNkLpgZk,music,6,1.79,563901,2839135,5.671
Lydh_saD9EQ,howto,4,4.16,25183,294310,4.405
LyyqqECQ1z4,entertainment,4,2.73,48284,362180,2.847
LzuDyq0-1LM,news,12,3.54,40249,488133,3.08
M-E5wDgptQA,entertainment,8,2.33,359859,1725355,0.958
M-Rl_kUU4vk,howto,9,9.37,23334,438733,2.122
M-wat3TSQqY,howto,7,3.33,62778,552697,2.284
M0kcLjxoYS8,comedy,13,3.29,141541,1584435,3.82
M2YwkAWg0_g,science_tech,11,1.28,108424,469432,2.791
M2xqMZ6b85w,science_tech,6,2.42,33490,309971,2.728
M3mJkSqZbX4,music,6,0.87,4240472,5578495,1.597
M4ZoCHID9GI,music,17,2.33,2475179,70242925,
M4vnmgZLA8s,music,6,1.46,1619581,9164600,6.762
M61Vt1C69JA,entertainment,12,3.58,34755,498613,2.393
M6LTqtYKDtI,music,4,2.37,186465,1420335,4.649
M79o2UejYKo,howto,20,1.33,515764,2763416,4.509
MAjY8mCTXWk,music,27,1.33,2851876,21957640,11.118
MBR2kxt7RK8,music,19,2.12,301900,2276613,4.513
MDIQBfdmusY,sports,5,1.84,90484,533815,1.214
MEEj62ZqFYo,people_blogs,4,3.08,97342,323471,1.262
MEcc8e7WwXg,news,12,2.29,659262,3558834,1.659
MFWF9dU5Zc0,entertainment,6,1.5,2167567,9039407,1.62
MHh9NWCR_ts,comedy,13,1.88,125137,689858,2.933
MIQKlHSD89E,pets,11,4.12,631872,4218040,3.356
MKLlDnUqho4,music,4,1.31,9830,39720,1.35
MLVcmQ62luE,people_blogs,4,3.21,564781,7965486,2.016
MMu-_KRZhwM,comedy,6,2.29,124434,792979,1.2
MNzBFgwkU0A,music,11,1.42,186081,1322797,4.352
MQSRmx9zS64,entertainment,4,2.19,21252,79736,0.794
MSzytvDsPfo,entertainment,12,1.2,384085,1546967,2.979
MTf2X6EHyLQ,science_tech,11,1.37,140219,511315,1.908
MUB-h2NeQYA,comedy,5,1.25,19169,56717,1.263
MUWUHf-rzks,education,11,1.43,509210,1984239,2.414
MVes87KrWvs,people_blogs,6,2.03,18716,210065,2.795
MVyvV0tOOjw,entertainment,5,2.37,75551,618752,2.583
MWb2vazaD28,entertainment,8,2.02,162895,1226948,1.264
MWbQdgjsvJI,howto,14,4.36,180145,2775945,8.287
MXFhiN0tM3s,news,4,1.18,6452,32825,0.534
MaTSyJDoxPo,howto,7,1.23,41169,186750,2.123
Mb-gOG-RxHc,news,6,1.48,20551,215345,0.789
McRNSFGwqtY,people_blogs,8,2.93,1204101,4719807,2.166
Me8jYR9Q0kw,people_blogs,11,2.25,288655,1656235,5.891
MeNR0guNn70,science_tech,11,2.32,157836,1353109,4.376
MfFFNck87eE,comedy,5,2.18,14050,88663,1.892
MfVetou0ERY,entertainment,10,2.07,232046,1477735,2.89
MgMLdq9DnNc,howto,9,2.24,36772,281689,2.154
Mgfe5tIwOj0,music,6,1.5,4727297,27335197,5.689
Mhzmc7LRIGo,howto,5,2.41,402773,3343908,2.513
MidgYgFwgTI,entertainment,6,1.58,457744,1933415,1.407
MjLqeKBforY,people_blogs,4,1.93,6372,38479,1.819
Mjl4OReUX-c,people_blogs,5,4.12,38183,352667,4.836
Ml9v3wHLuWI,entertainment,12,1.24,1813074,8734726,2.727
MltuW2kcREI,entertainment,4,1.15,49322,207465,1.25
Mmkf4zYlW4E,entertainment,4,1.98,9927,105270,1.773
Mmn0zFalrD4,science_tech,7,2.38,77361,334465,1.641
Mn-3c6of8t8,entertainment,5,1.44,46073,146752,1.707
MnKbM9Zxtn8,film,9,1.34,36691,107735,3.074
Mo9Xw_EYDFo,sports,5,1.29,104574,292015,1.318
MpaHR-V_R-o,gaming,14,1.34,320802,813414,3.672
MsPOzYbEUqo,people_blogs,9,2.3,185605,799878,1.256
MsQb18nU2hA,entertainment,7,2.07,705992,5420474,1.793
MtFjRvKfv70,sports,4,1.97,16213,120078,1.046
MtJFuT0KFq4,people_blogs,5,1.37,138488,411705,2.178
MuPL-PSMX0Q,sports,8,1.05,7034322,19412787,2.357
MvFcY9rTPx8,news,8,0.93,2670589,5755949,1.34
MvIwx0JThsk,music,6,1.33,748097,3256799,2.352
My4RA5I0FKs,science_tech,7,2.12,2139174,10505035,2.006
MyAnv1nY5Vw,news,5,1.37,26100,72365,0.987
MybjFHx_wfc,science_tech,12,1.98,297572,1425308,2.564
N-z9PidYH4E,howto,7,9.94,32565,1116365,4.014
N0tmF4j4K6g,pets,4,1.58,7580,46025,1.125
N1ikySurAP0,comedy,6,2.42,4144,64262,1.15
N39uwTykTQk,howto,12,2.37,343616,6169981,5.776
N4MtzsregT8,people_blogs,16,3.02,79978,899519,12.639
N7HFXgyTya0,comedy,7,1.27,529987,1639968,1.448
NB3gWkhLkxM,music,7,1.42,318827,1615678,5.58
NBSAQenU2Bk,film,27,1.46,125492,751768,5.376
NBYL_QwYhjs,sports,5,1.46,49688,355279,0.899
NBgNCDF4lG8,music,6,0.87,345280,852554,1.969
NC-TF0SPzzM,comedy,13,2.62,177384,1441446,3.102
NHZr6P1csiY,music,16,2.15,328948,2476190,5.706
NHrwcQQ38bA,sports,5,1.33,551951,1597365,1.698
NIf8LjND67Y,people_blogs,6,6.0,12240,458231,2.69
NJu6uMYQWAE,people_blogs,7,3.04,26407,197811,1.743
NKin_i1pcFA,autos,6,1.29,444637,1457307,1.321
NKmGVE85GUU,education,10,1.37,361795,1188777,2.706
NNeJR14kgTY,science_tech,7,2.93,47185,951655,1.737
NNywashg_mw,sports,6,1.41,13338,41824,1.65
NOciiz9WK5Y,music,4,2.27,32679,390695,5.693
NRs3YCJDBAs,howto,12,1.85,74531,477272,2.731
NSi-MniOTqI,entertainment,6,1.36,153691,765391,2.094
NSrNn5LuxxQ,news,7,1.38,119867,232904,0.873
NTN2gD9LJnU,sports,5,2.33,38643,301674,2.339
NWOz3OZ6J9M,news,16,2.33,207335,1532781,3.414
NWQqJDGo4Z4,music,7,1.67,43396,177640,1.916
NWeCToDgdxU,entertainment,4,2.08,9248,85183,1.427
NXkNF-3Sr24,people_blogs,4,1.7,12401,101737,2.072
NXpYoiCOuLE,film,4,3.29,5235,53399,
NYMcACJLqJs,music,9,8.82,909168,9265851,8.444
NYizLfEYKuY,howto,4,3.37,7165,195525,
NZ0ImXT1FZk,pets,7,1.5,353532,1417253,1.821
NZFhMSgbKKM,sports,4,1.37,20599,22302,0.382
Na7VFFnqWVI,music,6,1.25,225174,915783,2.915
NbUtY1RVvn8,news,4,2.08,7072,73083,1.194
Nb_t6X541yo,people_blogs,10,2.17,31123,275380,3.475
NcsGpDFKCgY,science_tech,13,2.46,93916,619376,4.917
Nd3zqXro_P0,news,5,2.5,191926,799411,1.361
NePlddZpNKs,travel,9,1.08,604161,1069986,1.292
NfLVVJOuY5M,sports,5,1.33,63798,215541,1.79
NgloGi5xEa8,entertainment,7,1.46,305250,1572313,3.105
NjCIH1fXT0I,science_tech,10,3.39,71985,861822,2.961
NjMd89dggAk,music,18,3.31,63139,566069,4.821
Nkl-k_rjn_U,music,11,4.83,37048,788947,
Nl6YEW1s7x8,music,5,1.67,150518,531393,1.599
NnpyRKfAyik,pets,6,1.92,5339,83393,2.149
No35-c4zXjo,comedy,6,1.27,573804,1629599,1.255
NooW_RbfdWI,entertainment,9,1.02,6293997,21113889,2.057
Np0LMwqtOVM,howto,5,2.26,60020,469539,1.886
NpciU6AtlJU,music,7,0.84,38684,68828,1.496
NqfJ9wIWX4E,entertainment,5,1.32,10884,27931,0.926
NqntFonA2iY,entertainment,6,1.19,285463,657337,1.272
NrikvhdYrJE,comedy,8,1.22,650170,2014354,1.848
NsFna-Z1MjU,gaming,13,1.05,1170936,3383861,2.158
NsJkUfrqLzY,music,8,1.19,124273,649180,4.376
NsUQU3r2nsM,entertainment,5,2.23,109881,515428,0.787
Nsg6ZDd4NfQ,howto,6,1.29,91234,334600,1.722
Nt4tJHp27u0,comedy,6,1.72,13075,139393,1.513
NtFe5PM87BU,sports,5,2.88,45861,470082,2.977
NuXHriwQB9g,science_tech,4,1.26,60690,194071,1.928
NuZJQ-YS7_w,news,7,1.22,11793,26103,0.668
NuhhbcLyWWo,music,4,2.99,31998,410483,1.549
NukmFF__G-g,music,14,3.83,1097916,12907907,8.182
NwhkN7Y0WM0,travel,6,4.22,2493,169025,2.022
NyNQLRhsAsk,comedy,4,1.92,219549,1882458,3.741
Nz0qoOgyWSQ,entertainment,5,2.11,107558,402199,0.867
O3ttybJghsc,sports,5,2.77,56169,1145202,1.724
O4-j4kwtu9Y,science_tech,4,1.83,30785,771612,1.695
O4_JNAFClFk,science_tech,7,1.47,66778,269126,1.24
O4gJFUzmR8E,people_blogs,6,3.0,90866,370239,2.052
O5GhCbhGWQ0,science_tech,9,2.13,116792,1029906,2.584
O6K0ZPRqzFU,entertainment,6,0.98,257476,488695,1.169
O6epKIw7W5M,science_tech,12,2.33,176965,1020859,2.315
O8hm2Ml-pA8,music,12,3.46,207352,1759167,17.06
OAGfx7eB3gA,pets,20,2.03,286828,3612568,4.819
OBOm_jatVCI,entertainment,14,1.54,417541,2288043,3.036
OCLaeBAkFAY,education,7,1.33,95297,424293,1.583
ODLwIlXK-9o,howto,4,1.29,7197,26214,0.843
OG6qjAivguw,comedy,13,1.54,26369,141696,4.144
OGPsw2f_HQk,music,9,2.33,152079,1172041,8.068
OGYASOBiU_E,comedy,5,1.91,354127,2326176,1.529
OHOkdEBpwDc,entertainment,7,2.07,211301,1998883,1.942
OImHUNVLlco,news,5,1.47,4074,11744,0.828
OJzpoj_NxqQ,sports,4,1.95,505991,3112787,2.14
OK3GJ0WIQ8s,music,4,1.37,5082296,23416810,2.259
OKXLBEvGgTA,howto,5,4.94,54545,924479,3.23
OKgUiBOpsZ4,sports,7,0.94,978694,2288090,1.344
OL4LNg-iyY4,music,7,1.1,776680,3509938,3.655
ONI_06wGbsQ,entertainment,4,1.86,34223,180546,1.133
ONviWNYLKME,comedy,12,2.27,64008,825458,2.809
OO5_E0_NAOg,entertainment,5,1.37,35596,60731,0.681
OPHbqY9LHCs,science_tech,6,1.31,341287,1031489,1.302
OPaybxgucww,comedy,6,1.25,402430,1152064,2.292
OPdmg58S9ZM,entertainment,9,3.46,94396,670565,1.995
OQkfDJ2zVNo,comedy,5,1.81,972432,4089878,1.187
ORDHYULS2NM,sports,5,1.85,78823,227767,0.835
OSBl32lNGBg,science_tech,4,2.03,139045,1063356,2.986
OTEIbWy8AvY,science_tech,4,7.4,5667,244540,3.536
OTHHeIAYfuU,music,6,3.29,76803,827093,7.165
OUBx_raReDw,sports,12,2.72,100979,1119772,2.906
OVnxBcS5qWo,gaming,5,2.11,51336,434156,1.485
OWYKrIKMO1M,comedy,10,1.51,31655,207749,3.388
OWz3Fa_qK5Q,music,7,1.79,51369,356113,5.484
OX1ssH93th8,entertainment,5,1.54,55273,527093,
OXVm3fhYsEo,howto,20,2.07,516383,2955872,4.029
OYcv406J_J4,science_tech,5,1.82,200721,611341,0.934
OZsYiWBgFOk,film,14,2.22,1108092,5229704,1.83
OZv7qYZ43xQ,people_blogs,10,2.21,51842,369565,2.082
Oapebl0bADA,music,7,1.37,437337,2664218,7.507
Ob48twC1yf8,entertainment,4,1.42,396554,1159873,0.964
ObDgFUTP0PA,music,5,1.83,265066,872277,3.803
ObvUP5YxAKg,news,10,1.39,693502,1277833,3.756
Oc27GxSD_bI,education,4,2.27,18945,140445,1.604
OcTw2b0Ho-8,howto,14,2.15,73010,668491,6.679
OdNqWcUdm6I,howto,8,1.52,404218,1446055,2.186
Of9GOMM9HPg,gaming,20,2.19,176546,2703619,7.231
OgcqNuWfFFA,people_blogs,5,4.18,33214,201401,1.284
OkvNxYMyips,entertainment,4,1.38,998,15066,1.084
OlGvjhLZDS8,news,8,4.03,43911,673711,1.13
OmLxYUOgTNs,sports,6,1.31,155332,687873,1.615
OpsHLG657lM,news,7,1.89,104985,689798,1.59
Ort8rZdpoXo,entertainment,5,1.84,22174,38600,0.868
OrwBc6PwAcY,people_blogs,5,1.71,137558,849814,
OsSKFlk8oEo,entertainment,4,3.28,410404,1791867,1.521
OvHskUT3XTI,people_blogs,9,1.31,56084,139039,1.254
OwrjBiW3suM,education,6,5.08,4072,249243,4.794
OylDdm-6ZH0,howto,13,1.17,965689,3266039,2.744
Oyq8Di01nN8,education,8,1.37,325254,1133408,1.627
OzKmR5BLdbQ,news,12,1.27,93930,192417,1.584
OziQ_a3Rpqw,entertainment,10,1.98,107296,756379,3.165
P-MQBhBwvgM,music,5,2.03,7866,71075,1.309
P21a5Uty-uc,education,9,2.37,44060,395675,2.362
P3Bd3HUMkyU,gaming,7,1.08,2981357,10256746,1.854
P6ODTQKhaXk,gaming,5,3.15,349408,4377973,2.41
P7WRXaxu1u4,entertainment,8,1.86,65107,372037,1.732
P9mBXomW1No,comedy,4,2.13,13025,72294,1.305
PAHm7SEhhuw,comedy,16,2.29,178177,1724379,8.733
PCRgGZXDGCY,sports,4,4.94,9999,164241,0.883
PCTVL5oKlik,science_tech,6,1.4,36370,216165,1.722
PDZg4veidX0,music,6,1.67,61735,237171,2.482
PE5wExUiazo,entertainment,6,1.35,49242,141520,1.116
PFH046Fh3ps,entertainment,14,2.29,130378,1641394,5.517
PGH1V_yZq7k,entertainment,5,1.29,36194,150617,1.353
PGRcxXLfWrM,entertainment,16,1.35,979064,5616032,5.146
PGWBA_OzCE4,entertainment,4,2.24,3067,66021,1.916
PHLY4a5fTjU,people_blogs,13,1.88,349984,3371618,2.997
PHWAZNkqwN4,music,5,1.58,94433,360539,3.218
PKP8Mimj3QI,entertainment,5,1.87,22946,108402,1.504
PKa01AvSATE,news,4,1.82,2398,38447,0.575
PLAFNvxDPMw,entertainment,11,1.37,57698,241678,3.226
PLTC0h013S0,news,6,1.33,52945,142825,1.0
PLtyqLPx_8M,sports,6,3.08,13247,97945,2.174
PSA-TnMwK9c,sports,4,2.13,66463,343957,0.789
PTQMog9u2Zo,entertainment,6,2.16,548045,3648476,2.009
PUcS24GuAog,howto,5,2.62,109348,1143472,6.373
PUvVjWR3zTQ,music,5,2.5,66741,380586,2.567
PV_GHHXy7Po,howto,15,6.08,45081,1498679,75.535
PVr1BbsOwmQ,people_blogs,8,1.21,219591,802092,2.397
PW-WgdZctW0,comedy,5,1.93,451510,3187327,1.795
PXAZ3KphJz4,howto,9,4.94,24238,338651,3.996
PZxyNX8J7Y4,entertainment,14,2.46,210234,1602257,3.467
P_If9xMyl10,entertainment,12,3.42,338560,3281144,4.731
Pa3ao2TVn1A,howto,8,3.29,11358,147863,2.673
PaJCFHXcWmM,music,6,1.29,149887,441712,3.233
PaZsrAi6iJg,gaming,6,2.42,58673,173700,1.168
PaumoJFmHlY,music,11,3.58,58248,1321814,
PbRmbhdHDDM,entertainment,4,3.33,188672,2315502,1.846
Pc1Obe1BWhc,nonprofit,4,2.33,3228,8493,0.73
PcrVm1qEJyA,howto,6,1.86,62330,383330,1.532
PdbJBDNotf8,entertainment,6,1.42,239625,1125153,1.727
PeYARbPHcvk,gaming,6,1.39,391240,1632401,1.862
Pfat40RFnc4,education,5,2.73,15990,181739,1.729
PgNAmWjInGk,gaming,7,4.26,32589,1072916,3.943
Ph54wQG8ynk,music,15,1.42,2403117,27784769,51.431
Pj-D0jc17D0,entertainment,12,4.71,90975,2469559,4.569
PjqKPHZJgF0,music,8,2.04,952136,6579609,5.472
PliRMGvytnA,entertainment,6,2.3,142474,2316153,2.58
PluaPvhkIMU,film,9,2.42,69089,910966,
PpElRBQ-yGc,gaming,6,1.3,188281,590393,1.328
PrNRtC3XfWk,howto,9,2.34,21427,222653,2.851
Ps7GzIV2KP0,education,8,1.42,198633,536398,1.554
PtPNGls_sUg,autos,4,2.34,5892,92161,1.742
Pubtjn5QIjg,howto,4,1.89,14111,76536,1.23
PyXpoGbwGL0,news,7,1.8,131532,564897,1.083
Pymm6cmE9uQ,entertainment,9,1.29,750419,3337851,2.549
Q-oM2BQ8Jow,music,5,1.79,371872,2034980,4.736
Q-v4LsbFc5c,education,6,1.33,692318,1709373,1.084
Q0sjw10aEWI,comedy,12,2.21,63958,798810,6.372
Q1CFfU2gXHw,shows,4,2.16,15646,72607,2.371
Q1EgRiVdT5w,howto,5,2.25,16519,178433,2.693
Q1INhRBrwKM,autos,4,3.81,2514,236036,2.433
Q2hqcPnIWiQ,news,4,5.27,21725,608823,10.45
Q3jege0p0dQ,entertainment,6,2.17,1891844,10216106,2.752
Q3pUXLQ5G5U,howto,7,1.98,3322,34032,
Q48VduIflPk,music,6,1.62,613055,2997335,3.074
Q5KmA3Xbmqo,entertainment,23,6.79,885545,7839668,5.456
Q9B45wXYpzc,news,5,1.16,760,5019,1.142
Q9vZHbcx6cQ,music,14,1.33,1066912,10384060,44.791
QA2fKoT6Sig,pets,4,2.51,7030,62735,1.716
QAgZepiIPH8,entertainment,4,2.5,8324,46966,2.748
QAt8kU3TQfQ,education,5,3.34,33048,435859,2.423
QBL8IRJ5yHU,howto,27,1.21,1336827,3811648,4.493
QBOzHhuTzvw,entertainment,6,3.25,35036,274030,2.773
QBzQeyHh0i8,people_blogs,6,1.64,150451,806795,2.183
QCjk_NPsIqU,entertainment,7,1.69,1634933,6705850,2.478
QDSEpjjavhY,science_tech,7,2.42,52435,275276,1.37
QDk-xa1oBXw,howto,18,5.0,8656,207859,6.785
QDr9YTkFNO4,film,6,1.86,387608,1732015,1.714
QF031DwMffQ,film,5,2.62,285047,1516682,1.68
QFY79W78ZsY,comedy,5,1.21,93144,240282,1.04
QK0s815RTJk,comedy,5,1.29,152092,637045,1.29
QNNcl2mEHzQ,entertainment,5,1.4,243520,872261,1.67
QQ_3S-IQm38,music,8,1.19,948503,3430385,3.134
QRis1pHOhj4,comedy,6,1.31,85935,295991,1.959
QRl9IO2ORGE,people_blogs,6,1.69,21710,104235,1.488
QRtBP07gIHY,entertainment,5,1.33,296742,547145,1.158
QUDYmBTrudU,entertainment,5,2.22,30239,105681,1.518
QVoleJYgdM8,entertainment,6,1.42,555159,2636357,3.68
QXcbVHFE2bo,entertainment,5,1.5,95498,442698,1.733
QZTExTxX1uA,howto,6,1.36,89902,392117,2.276
QatPF3Pqhp4,howto,5,2.27,51423,556504,2.101
QbDuBTWrU-o,science_tech,5,1.91,142217,1087385,1.511
Qbg2p9PHVo4,music,5,1.74,69728,336117,8.694
Qc9-dHabR2E,entertainment,5,1.16,92624,330659,1.585
Qcj15vHJTtk,entertainment,24,1.79,1677738,8607264,3.802
QgOXIEhHU1Y,music,22,2.41,1811313,40087764,66.565
QgaYsdnOMiM,howto,6,1.33,149530,640849,1.677
Qh06wlg9RmU,sports,4,1.37,18879,72200,4.113
Qj7DVNDb7To,comedy,4,2.07,14620,114923,1.965
Qmf7p6twbyA,entertainment,4,2.2,14802,74990,1.875
Qofj8MKO6mk,entertainment,12,2.33,113893,708014,5.016
Qp7QJpLhOs4,howto,7,2.86,17146,173997,1.672
QssLKnUk6pg,entertainment,5,1.26,69120,249973,1.245
QwZT7T-TXT0,entertainment,6,1.3,10083485,37539570,1.946
QwievZ1Tx-8,entertainment,12,1.46,10456533,52404970,2.899
QzQpsHScgHs,howto,4,2.12,32691,271779,1.508
R1TSiB9OuVM,music,15,2.34,207723,5609393,
R39-E3uG5J0,people_blogs,4,2.06,8578,78322,1.948
R8WBN3fJmwM,howto,5,1.9,260347,2046312,7.451
R8hccXRk3MI,entertainment,7,1.54,123881,639536,2.093
R9OHn5ZF4Uo,education,9,1.39,549712,1769751,2.061
R9s5_Ji33xY,film,9,8.46,8243,733482,14.777
RBbkCEHBw_I,howto,18,2.12,257963,969807,3.797
RCRVve3V1IY,pets,4,1.42,69680,135263,0.671
RE-aVnbJyOU,entertainment,4,2.64,52644,321580,1.237
REt-3P5h4Lo,people_blogs,7,1.01,845349,1780726,1.166
RF-Mqs2qC-M,entertainment,11,2.5,1943827,10501355,3.292
RF_7NIHp6Yo,news,4,2.96,17569,348527,1.842
RFywfHsFpQM,entertainment,6,2.16,686332,6413645,5.604
RGSgCyQydgc,entertainment,5,2.01,43872,566067,1.629
RHUxyXZBXY8,music,12,1.54,367235,2866699,13.864
RHpnWg6tdaw,entertainment,9,2.33,83646,883296,10.87
RHzylDQ4wKE,music,8,1.79,93018,406252,3.08
RIAVKKzOocc,entertainment,5,5.7,113,2086,1.875
RMWTNik9i_8,film,6,2.16,183069,2052405,5.144
RP3UsFrDJfY,music,6,2.0,211125,1508992,4.164
RQOgG4MLh1I,entertainment,5,2.12,182428,1201905,44.186
RQUuqbzQVsY,music,5,1.42,3431090,13809604,7.846
RQm0nKoODo4,music,12,2.29,131599,1010818,5.502
RUApBid9vnE,howto,12,1.88,47518,359135,2.57
RUbWdNGaYEg,news,4,1.47,26822,47936,0.402
RWzZeA2GMsk,music,5,1.79,40307,175842,2.843
RYGFczNMAMk,education,7,3.33,16861,318714,2.35
RZfqUAZddmk,howto,11,2.9,19735,169610,2.255
R_5Qfc7APQs,people_blogs,9,1.33,196926,469815,1.162
R_O5x0LNksM,entertainment,10,1.92,358032,1978080,3.792
Ra7MMVEe_s4,music,6,2.04,15314,100888,12.738
RbNaEwp7hMw,howto,6,1.99,51149,328740,2.264
RdAJZJd_O2E,people_blogs,8,3.38,45359,350226,2.324
RggWMGU2iYw,autos,5,1.54,33790,73213,1.146
RiGFGXd9Xvs,howto,9,3.23,200505,2444087,5.427
RiVuoe-jaE0,news,5,1.33,9838,25213,0.834
RjujNLl1jyk,entertainment,5,1.5,18552,112376,1.502
RlSzahonkTk,music,9,1.33,361894,2012372,3.481
Rm_zQP9JIJI,science_tech,5,2.5,31405,266389,1.916
RoIJtobSOqc,film,10,4.33,106169,1875212,2.383
RrhSJzM8NLE,music,6,1.45,150825,539987,2.042
RsGqQC2tRRM,howto,4,4.17,7685,339738,
RsIIT6rXnSM,howto,4,3.33,35773,725421,2.24
RskA7MUqpQg,people_blogs,5,2.3,150895,866986,1.432
RxlSl-kG3qg,comedy,12,1.2,108435,389001,3.888
RyquDQ5kWSs,entertainment,13,1.48,134609,632821,2.38
RzK4sqmgimk,people_blogs,5,2.25,47634,214676,1.548
S-4rhjO6xYg,comedy,5,2.0,1300252,5102153,1.779
S0OICOBR19Q,science_tech,9,3.48,35052,392587,3.103
S0eLwrrTBlc,education,4,1679.0,311,13701,1.557
S10azlzvS_8,music,4,1.62,428413,1823701,3.033
S1ke1xQ-rmY,science_tech,5,25.84,3566,14459,0.96
S2Cq_TpNXoQ,science_tech,4,1.42,22080,122477,1.767
S45Y5WQ4Ucs,pets,8,1.21,440160,2510144,2.428
S4vKQbpOn5k,film,7,2.8,15979,108662,2.093
S4vxoP-IF2M,science_tech,14,2.11,97715,694526,3.245
S5xFft7kg8Q,entertainment,10,3.33,277144,1130020,1.328
S6YYun90S8g,autos,6,2.29,118726,1291227,3.166
S8e1yxXiODQ,entertainment,4,1.42,870279,2435011,0.973
S9KxqRUcnCU,sports,10,2.08,3082426,22233274,2.491
S9Xg6iUxYXU,news,5,1.78,202689,953306,2.086
S9ibNh16xfs,entertainment,21,3.91,351509,5019952,8.723
SA5ZUHsst8s,pets,4,1.42,88109,230002,0.827
SA7AIQw-7Ms,music,6,1.32,2299556,14860998,149.889
SCPkXjwSWCY,howto,10,1.2,57261,134881,1.656
SCq8n_hOcN8,music,16,1.76,1705228,16196266,29.297
SEikcs2SbJA,news,4,1.24,52241,218669,0.461
SFr0fCgrTNQ,entertainment,6,2.02,180078,1381758,4.94
SFxZb-GHbrQ,entertainment,11,1.25,94712,398127,2.573
SGKcrxK9hsg,howto,5,1.18,19891,50053,1.03
SJNdBNxNGno,pets,6,2.08,19858,181521,1.68
SJUhFjNfaZY,music,5,37.35,35209,72728,1.063
SJmU2ewFhkg,entertainment,4,2.16,8673,70615,1.315
SKV6h_5XFbk,comedy,18,2.16,2791181,12453063,2.751
SM1w9PEQOE8,music,7,1.37,6013896,28860037,7.654
SMvZa784oow,howto,14,2.12,68401,597124,2.793
SNHc2PxY8lY,entertainment,6,4.29,93088,602853,2.275
SO0HTI8QuQU,comedy,5,1.29,155973,281927,0.728
SONGEiVMygg,sports,12,1.55,651299,2983487,2.842
SPD1v_8RQUY,film,7,2.07,97021,726665,2.47
SPJsPQBnA2s,travel,4,2.24,43588,215442,1.223
SPYzQplG_YI,people_blogs,4,1.25,187782,1677912,3.505
SQOSX92OjqQ,entertainment,4,2.12,6501,82048,1.02
SQsPvrev_bQ,education,21,2.36,290839,2252933,6.893
SS0ebmCqHxs,music,4,2.16,123346,689313,
SSM4cT0chPU,howto,5,2.23,72033,442726,1.374
STVXHhTdjW4,people_blogs,11,3.31,32268,616294,3.916
SV2sPlDLQtU,film,7,1285.72,500,99066,8.237
SVmuTIQBoio,entertainment,13,1.84,378387,1781312,1.503
SW3X7-gk8q0,music,4,3.79,24640,437509,42.673
SWUrl7FpkAo,entertainment,5,6.22,21820,163440,8.617
SWVtV59mczk,gaming,4,1.24,414174,3659746,1.706
SXkxheJ1dQ0,howto,12,1.23,263682,1005865,3.264
S_HixQBiVH0,entertainment,6,0.89,24701,30066,0.752
S_lN0-gtWF4,film,6,2.04,18597,75124,1.479
SagsqxiVStM,film,5,1.27,1246431,5186780,3.993
Sb_hCbZ80aQ,comedy,9,2.29,459767,6131880,4.477
Sbl4nCcO0qo,film,4,3.25,124552,1311352,1.814
SbnJwF7GrWg,howto,5,1.26,105107,411284,1.751
Sbp8MmSc2kQ,news,12,1.07,234792,451602,1.52
SbrOMrjhyvI,film,6,1.45,1225652,5587218,2.522
SggkMHx4GhQ,film,6,1.25,636135,1895941,1.744
SkcucKDrbOI,entertainment,5,2.4,1095724,5962519,1.871
Sl-NvOZ23m8,people_blogs,4,1.96,14760,149879,1.931
SmqLoqByhL0,entertainment,4,2.33,56871,354013,1.178
SoKQzAhXkbw,entertainment,17,3.54,52972,561101,6.684
SpdgahDp2Wg,autos,6,2.5,86564,462810,3.017
SphTGtDlhHw,music,13,1.83,529702,6261069,9.686
SqNlLDeZcSc,music,10,3.83,27318,320276,6.978
Su6KVN33Bew,entertainment,4,1.58,242021,542870,1.047
Su9Mns6fWV8,comedy,5,2.25,9816,89799,16.141
SuFMMvrf4ao,entertainment,8,1.42,329919,1402875,2.402
SuzlcQc1iks,people_blogs,17,2.13,338278,2750317,6.389
SwOZ0Dg_IQs,entertainment,8,1.69,11924,42199,1.533
SwqUpegUT2Q,entertainment,12,5.42,69502,558724,210.942
Swv1il6PpN4,travel,13,1.46,183984,624277,3.249
SxAp27sFaIM,people_blogs,7,1.05,1979534,10403477,21.276
SzB-tnaU0cM,pets,8,1.24,48669,295145,8.116
T1-k7VYwsHg,howto,16,2.37,306274,2741354,3.484
T1B1CxmAXLk,entertainment,7,2.02,532574,2726643,1.284
T2aJzwAeA9Y,sports,6,1.75,682827,3988000,1.974
T2uyIBURMjs,gaming,13,2.12,180395,614024,3.136
T3-BzlYEhQA,sports,8,1.6,61098,273000,1.516
T4FAg5A4wQk,music,16,2.16,416234,4135072,4.104
T5ITSG6KGlc,news,6,1.4,741148,1173312,0.544
T7H7uH2t854,entertainment,6,1.23,134392,401625,1.438
T8lWjQRhQXY,music,10,2.04,471903,4046025,8.157
T9KTTP7jrBo,music,6,1.67,43590,152796,1.197
T9UHD30MSGk,howto,6,2.21,234859,903651,1.399
TBF7eTSTWLA,education,13,1.41,122682,832796,3.191
TDqjoaURNOQ,entertainment,5,1.33,16472,94032,10.585
THr_seahKUI,news,8,1.4,751424,2304379,2.59
TI5bEf-BULU,entertainment,19,2.46,3097919,14890847,6.446
TIQqb80eg24,music,7,1.8,406879,2623238,3.168
TKGA7MhxPWc,science_tech,8,2.28,49219,886234,1.986
TLS837FaO4Y,comedy,9,2.01,123377,636106,2.655
TM42O6kYbI8,news,12,1.45,198818,771568,2.161
TM8hwHtWSJg,entertainment,4,1.98,19481,108463,0.637
TMfStd3v330,entertainment,4,1.4,57224,161460,2.633
TN7LvuEpDIE,people_blogs,13,2.15,40924,433362,2.963
TNRrY8m71u4,howto,5,1.86,9259,93451,
TOdGYZ20oSc,entertainment,5,2.04,42612,514711,2.214
TPcV_3D3V2A,entertainment,6,1.33,351305,1316254,0.685
TQ1O0YdH54M,comedy,4,3.19,55760,973008,2.182
TSW9cla5bmw,entertainment,6,1.64,19043,142076,3.761
TTogFxTu_vA,howto,13,5.42,40602,469200,3.973
TU-Z4uPnFeg,comedy,6,1.75,241036,1446140,1.981
TV42WARem_o,news,4,2.07,73944,340311,2.397
TWpt-ze_cYU,comedy,5,2.17,130922,1417912,1.335
TX0UsGn0GPc,film,7,1.65,123304,519214,2.624
TYaf8GbVKXc,news,6,1.39,19979,59145,1.102
TZSVf-yD7N8,entertainment,6,1.71,800235,3810354,2.842
T_Fskj6ihT4,comedy,5,3.62,91303,756470,1.254
T_o9bDu_srU,music,5,1.83,483284,1987296,7.594
TaTleo4cOs8,pets,4,2.23,71560,301738,0.829
TaVvm0r_gho,film,4,1.24,1050596,3406481,0.994
TaldfjkrHy4,education,4,4.67,39138,323160,7.568
TdcS2LMQ5Ck,music,5,1.72,419309,1383902,1.188
TdyllLZeviY,music,10,2.42,743703,11979805,
TfHJJeiS-aI,entertainment,6,1.74,24829,199922,1.869
TfiTsqa2LB0,entertainment,14,2.22,83551,1575302,5.999
TgSDDY0b1tU,entertainment,4,2.18,305259,1284857,1.489
Thvm6dADOms,music,12,3.79,154788,3042366,
TjXQzRWmb_I,film,26,2.15,806468,5073263,5.265
Tlu-_31CWfY,music,7,12.21,38583,1158695,
TmzVBGf6uKk,entertainment,14,2.99,62760,1032873,9.587
Tn8hOPeAnIM,people_blogs,14,2.12,594647,7854612,6.309
TnCa71iUVxA,music,7,1.29,1059422,6353130,8.705
ToQloh3us1E,comedy,5,2.33,101053,1396172,4.066
TsT5GLWgSkU,comedy,4,2.02,116169,1008131,1.158
TsYGNNPQ3ZU,entertainment,4,1.29,46434,176140,1.418
TteS6q20VUY,science_tech,7,2.61,62464,481918,6.769
TuPT8ZF0Vl4,sports,11,1.23,248352,1028424,1.483
TudhYwBrgYg,howto,7,1.33,889878,4116870,1.944
TxGmy416VRs,music,5,1.13,59923,425943,1.111
TxY10VhmLR4,howto,6,2.06,71387,742087,1.531
Txlk7PiHaGk,music,14,2.25,909879,8244106,4.52
TyHvyGVs42U,music,9,0.79,18058240,102012605,30.573
TzQe4sqjZT8,film,5,1.26,32803,97726,1.826
U0Az4NHlzfc,comedy,6,1.25,124681,363681,2.197
U0FRd8BbRW4,sports,4,1408.24,915,17702,1.046
U0W_rpvm3Ys,pets,6,1.35,262398,579189,0.746
U0hAC8O7RoI,autos,6,1.93,242696,1694708,6.313
U0z-x5O_Jpw,entertainment,11,1.64,243076,1240734,2.256
U1RASlbIIVc,science_tech,7,1.64,223873,1369181,2.672
U22EEAK_VLc,howto,5,1.26,63675,148590,0.906
U44YLdW9AL4,travel,6,2.48,16805,270360,3.291
U5sCjnezw4o,news,6,0.82,61495,133758,0.86
U9BwWKXjVaI,music,13,7.88,2271867,60635812,
U9w-yE3SvkY,entertainment,10,2.85,163708,800472,1.681
UAdJvXMIlXc,science_tech,6,1.85,57286,317281,1.758
UBGb8jRjK4k,news,5,1.97,14880,84534,1.629
UCKC-QVcVn0,science_tech,4,1.5,44500,223794,3.443
UCrMn3LLMVU,music,7,2.62,152144,1542832,27.1
UE-kaxIiNPQ,howto,13,1.94,487866,2513280,2.26
UEhsFEgsI5U,film,12,1.25,930023,2167517,1.913
UFz3K9ByUqE,entertainment,5,2.26,168550,808445,1.315
UJIo1AtoTss,music,14,1.42,195496,1215287,5.866
UK2OQ67Xr4o,entertainment,9,1.47,2537,97192,2.399
UKserM-i0_A,music,21,1.25,717598,7676068,202.836
UNnHy6Qc5-c,comedy,6,1.17,1561163,5684795,1.275
UO5ktwPXsyM,education,5,4.33,12912,472002,6.988
UOHURuAf5iY,education,9,2.54,29604,233867,1.875
UQHSK-kgONk,music,6,2.22,43765,279046,3.223
UQkBcHLZOqU,people_blogs,5,4.06,186226,4862581,
USXoINPEhoA,science_tech,13,2.95,182886,2153307,3.056
UTVpWVO4vZU,entertainment,11,1.17,2996888,7177740,1.269
UUkn-enk2RU,entertainment,21,1.41,4640546,19834563,4.149
UUreMfN5eNA,autos,7,59.94,8799,41799,1.03
UVaeRX9LybU,people_blogs,6,1.26,254245,1161776,1.809
UXNnAB3ugPU,howto,5,2.01,1866213,4397796,1.723
UXm1xHECZu0,entertainment,5,1.45,93463,406960,1.498
UYDAgS2Mr6M,entertainment,5,4.12,38497,403559,2.024
UZf9m_x7o88,news,5,1.94,15282,53130,0.853
UaAHl_m_ybk,music,6,1.0,818359,3738646,5.508
Ud5Lq7D5YvU,news,4,1.13,187522,482257,0.603
UfKmSfgFxi8,entertainment,25,4.12,1064126,15346180,7.674
UfR5dKcKJvY,comedy,7,2.23,456401,5179783,3.505
Ugcz3EaGodE,pets,4,2.42,166559,600381,1.726
UgpL43chE-E,entertainment,7,2.24,51256,336953,2.193
UhZ56rcWwRQ,film,8,0.94,980802,2358051,1.946
UhiXEgqhBWs,music,19,2.46,100136,2224667,30.662
UiWGp8dFr5k,entertainment,5,2.6,65088,333626,1.496
UjtOGPJ0URM,education,6,2.46,374839,3675806,2.054
UmFS7No3t8Y,comedy,5,2.05,200513,1924405,2.206
UmXbLTbi8Hg,comedy,14,1.79,265695,1240723,3.012
UqItlHUSN-4,music,7,1.37,635028,3513086,5.186
UuCq8mtK8J4,music,6,1.79,601695,4600718,
UuR8UhMTw5U,entertainment,6,1.94,257959,1330675,2.2
Uv2LvQ0FEvo,entertainment,7,2.23,29387,274794,3.096
Uvh3v1BkJ-A,howto,4,1.23,159417,531566,1.14
UwbO_xb1-Xo,people_blogs,12,4.22,107610,1045731,3.338
UwdLlnPaRAU,sports,5,1.29,190518,665452,1.379
Uy7yJdq1yhg,howto,12,1.95,586946,3848577,2.527
UzQP7u-IOxg,sports,6,1.69,216156,973185,1.101
UzeIb-TZo_I,entertainment,12,1.96,260110,1017884,2.133
V0HCZ4YGqbw,people_blogs,7,1.14,971175,3362369,2.741
V15BYnSr0P8,music,5,1.5,6174777,20409647,9.282
V1LBWKqQpfI,science_tech,4,2.2,83029,394975,1.164
V1Pl8CzNzCw,music,15,2.33,281263,8369723,
V1rt0t21vQw,people_blogs,6,3.34,9823,283720,0.933
V3EYjVPRClU,music,7,1.33,796336,5557499,28.66
V4dqF7UOspg,news,5,1.25,2458,9846,0.971
V4kfrZSejVc,pets,6,6.46,29561,368852,7.771
V59YAu9l-gY,sports,5,1.68,54321,339187,0.576
V5cOvyDpWfM,sports,5,2.93,2382681,21005589,1.979
V69XYIRjKww,entertainment,4,3.22,1823460,12030454,
V6ElE2xs48c,shows,23,2.12,165443,1351321,8.888
V6wWKNij_1M,film,6,1.42,930287,2497708,1.89
V7E7huN3CPU,science_tech,6,1.87,5766,64167,0.796
V8-JfSXPDp0,entertainment,4,3.28,192819,2271297,
V8d6oQPQmX0,entertainment,7,1.25,181863,502957,1.635
VA7Y_Psp5l4,music,8,1.33,301257,1065716,1.445
VAUHZYf_aKY,people_blogs,11,1.86,703967,4416751,4.431
VA_P3p7MI98,news,5,1.45,117372,526175,1.391
VAk6bUhETHM,music,7,2.04,10425,59549,3.355
VFnXRntc9XA,music,5,1.79,64636,263914,2.319
VFreC_yfQqs,news,4,1.88,248,3195,0.769
VGykknw9eCM,music,5,2.71,958561,3577614,5.568
VH-DA0YgHHU,music,7,2.07,94281,602839,4.001
VH4pgiB5xu8,entertainment,4,2.04,11335,195410,2.111
VHXPFrOfndg,people_blogs,4,2.33,15160,72022,0.712
VKW64fQwzRc,sports,4,1.5,14908,53812,1.213
VLxl1UeuwHY,travel,8,2.37,197965,1794493,3.467
VNigGwmovdA,news,5,2.03,88900,218907,0.516
VNqrILFD5h0,entertainment,6,1.46,47725,145442,1.231
VPJ7BcVsOUU,howto,5,1.87,6259,38169,1.868
VQbYbElYjK4,news,4,1.24,13740,28964,0.449
VQdKe6_3PAU,film,5,1.88,52915,145560,0.855
VQhIUzPJi8o,music,8,1.26,506512,2467424,3.387
VQm_Y7wEzGQ,howto,6,2.33,19468,288553,54.603
VRJmcxCrAOA,sports,6,2.04,4703077,29090799,2.75
VSJ0STT8JRw,comedy,5,2.27,89197,768647,1.413
VTVQUw1SJ2U,entertainment,6,4.37,15705,220428,3.329
VVMCz04CmlA,entertainment,12,1.29,1453346,5913551,2.906
VVxQ9HC2aeY,howto,5,1.42,733544,2460216,2.628
VW2xRR75lKE,education,4,2.12,185150,660630,0.692
VWFoCcbXqAw,film,4,2.21,6138,35247,0.952
VXFQWu55vO8,film,4,1.89,6695,58301,2.372
VXQ1FD77egw,entertainment,6,1.41,106831,601643,1.797
VY1eFxgRR-k,music,8,1.42,4870482,35181079,7.927
VYOjWnS4cMY,music,23,2.83,15520562,225211923,13.068
VYmfEx3taAM,entertainment,6,5.97,84908,1149510,4.196
V_jU_ssWvc4,comedy,11,1.5,171670,1106875,4.022
VaGcPRMY5UM,music,9,3.83,420930,6944619,13.711
VdugkldCx10,music,4,4.17,39581,284176,5.35
VeXoFFxxUyc,entertainment,12,1.37,118301,493836,1.884
VfAOl67WcLY,comedy,7,1.25,331351,1289314,1.849
VhI2EpAIcm4,people_blogs,6,1.37,1420626,4502927,1.307
VhexfxLPgTE,sports,5,2.69,31255,395473,
VifQlJit6A0,entertainment,5,1.88,107105,230403,0.855
VioegwSjypk,comedy,5,1.52,301530,1202392,1.465
Vkuj0IaeH3s,news,5,1.3,98136,170325,0.847
VlOq_4lmpzE,entertainment,6,3.33,35836,377795,5.016
VlZ1SWLBfPE,howto,4,1.37,437024,2756607,2.45
VllA1V5M38E,comedy,11,1.92,234537,2206241,3.469
Vnn1FhYULrA,entertainment,6,2.3,1662,36346,1.558
VonJ4ASDO40,entertainment,4,3.22,77711,547362,1.158
Vp40y-048MA,sports,4,1.78,74729,484054,0.873
Vq5cYJ4vtvk,music,4,1.79,41608,352090,
VqcHUdHQ1u8,pets,7,3.06,18412,75273,1.797
VvEGctiW7io,howto,9,6.23,34251,403529,22.97
VwAnsAUYnw4,music,9,2.17,1814687,13882785,19.136
VxWhgFU7nWE,howto,6,3.17,30407,189102,15.584
W-FxnLAnlGg,sports,5,1.98,56869,341643,0.746
W-KEuvd3S-Q,entertainment,5,2.23,169475,1019136,1.553
W7a8qyJ5W74,comedy,5,3.31,4418,233904,9.938
W8_T7MMywcs,entertainment,5,2.22,5143,64214,2.513
W8mkksk1Ouc,people_blogs,7,6.42,4014,172301,5.624
WACO9TqZEh0,entertainment,11,6.46,15893,671611,6.113
WAX8tyQnTpU,howto,5,1.83,83863,592107,1.997
WAwRrtH-4Lg,comedy,6,1.28,2275391,7797284,1.442
WB8ozD7l02w,gaming,5,0.97,80881,790794,0.867
WBxwX1myxqc,sports,10,5.29,50728,393218,4.22
WCKG9J1d5iE,news,7,2.33,10843,32462,0.789
WF82ABLw8s4,entertainment,6,1.9,237173,1273975,1.993
WIV3xNz8NoM,entertainment,26,1.29,218393,1050795,6.508
WIWb8f1WIyQ,autos,10,0.87,226196,485534,1.192
WIp-QvvbsEw,education,4,3.28,25839,421136,7.124
WKPIEWcGoVo,comedy,6,1.75,198460,1287432,1.339
WKcYTvyoidw,news,5,2.17,4319,45774,1.597
WKrnYjpmcpE,comedy,5,1.11,57424,213433,0.754
WLagbArQsuE,music,4,2.17,98325,657286,1.375
WLeUt-jBE4Y,comedy,8,1.91,85581,512574,1.616
WMs3NOW1TDs,people_blogs,12,2.29,157663,2082799,3.634
WNs7fkbANM8,howto,6,1.8,155096,917390,1.356
WOAIo9G9rIY,people_blogs,11,6.62,21424,868930,3.001
WOAvDQNNaCA,music,5,4.83,24304,321560,
WOUZxG1JcGI,news,5,1.95,282969,747672,1.053
WPZfIKy7LWo,comedy,13,5.33,22943,1272242,4.533
WQd6x4KmVhA,music,10,1.33,4128,16425,1.588
WS7f5xpGYn8,music,12,1.17,5168578,33420138,8.934
WUFpGGe8U_E,music,6,1.79,83534,678475,
WXTNngJsBrI,entertainment,15,4.83,33489,717877,10.827
WbQUT3vNUtE,people_blogs,6,1.97,41961,276385,2.552
WbgIREVg2JU,howto,11,1.46,89806,528634,2.198
WdOGSNQP9b4,entertainment,11,1.5,96447,564951,5.866
WeOwqu6gOPs,people_blogs,6,1.57,48846,247842,2.64
WemDKlmMAIs,film,11,5.42,317693,2146016,1.227
Wen6VQS6NG4,science_tech,6,1.88,185077,975232,1.272
WfPu9Jrcpuk,music,12,1.22,872673,8739175,
Wff1pf2EdS4,music,4,2.0,85610,430463,1.512
Wh1L0rOaa88,sports,12,2.97,527199,13375071,68.758
WhJIUtMK1tU,entertainment,10,1.52,23302,133049,7.65
Wk6Z7HLpx8s,news,5,1.56,547670,1235447,0.745
WkZVm_o3Sy4,music,4,2.48,77547,533105,3.377
WknsomB28mE,howto,13,1.4,151072,616816,2.125
Wl7V4LwkfQE,science_tech,5,1.41,69452,351539,1.37
WmQR7X9SdeU,entertainment,4,2.32,3756,26921,0.564
WmYCUljsrDg,entertainment,4,3.25,38246,295231,
Wo5XO8Y8lzE,film,7,1.25,69795,427263,3.519
WpTjFhA09kQ,people_blogs,4,24.26,96266,486281,1.213
Wpm07-BGJnE,music,13,1.33,6015952,36759844,6.972
WvV5TbJc9tQ,music,5,8.37,613690,4795193,12.742
WyWqEFeKX2E,music,5,2.29,227302,1049536,2.307
WyZz9muaKFc,howto,16,2.48,1255156,19371315,11.691
WyuPSLj_6aw,music,6,1.5,1233924,6479552,6.498
Wz_YwUpNOcw,music,11,2.35,397291,2752943,3.942
Wzq4qbNRFrw,comedy,11,1.33,336512,3205037,2.762
Wzvr_rtI82w,science_tech,4,1.96,145872,1316758,1.106
X-zPrXJpiAw,film,4,3.21,267300,2522036,5.996
X26e3rK5SSM,music,4,2.85,120896,980944,4.044
X2BfTXIwABo,autos,7,1.37,122745,400237,1.418
X41ArlJVNYc,comedy,5,2.05,39788,281875,2.375
X4Ul5vTJ-uk,howto,8,3.3,27505,245076,2.396
X5DWRXTOUD0,howto,6,2.02,65440,748102,1.692
X5YJU6_Mfpg,entertainment,6,2.33,6661,141366,1.9
X6iJ0hPpGec,entertainment,6,1.5,252766,1332449,11.175
X9Qh8vsSE-c,entertainment,16,2.3,267741,2177792,4.614
X9QiHlEC22U,film,4,2.89,19326,148686,13.131
XAzqBDFs418,comedy,6,1.11,656192,1752883,1.581
XCrJ3NflOpE,science_tech,5,8.71,6081,230399,
XGd1dq1BatM,music,14,2.08,311110,2986867,16.987
XHkAjUVoQME,people_blogs,6,7.67,37210,270597,1.737
XHpEJRsHefM,science_tech,4,4.44,347701,1193226,1.491
XIZmIl9SsXk,people_blogs,5,1.92,87601,660467,1.639
XIxZLrruFpg,entertainment,5,2.42,45205,380261,2.92
XKl8Wg25DrM,entertainment,11,4.5,59566,1000242,7.801
XOxB-WE3R7U,comedy,8,1.03,604905,1335774,1.496
XP32nDUMYS8,music,10,2.67,129724,911608,15.78
XPVxL-YUOwk,film,7,1.33,50834,105240,0.874
XPrHD-7jjUs,news,5,2.28,8899,52637,1.076
XSP5yHZN1I4,people_blogs,4,2.37,56066,607528,
XT3gEidTKAc,entertainment,5,2.12,14781,140815,1.859
XUIwpXq_jBo,howto,11,2.22,73965,571803,3.423
XUqRem0W8L8,music,10,1.33,3793890,19586636,4.943
XVKg8uPSb5s,news,6,1.46,80519,186452,0.765
XWrB4qOF_UA,howto,11,6.28,64050,2607302,4.554
XXRBLyQQ78A,travel,12,3.51,92420,865233,2.762
XXXqaYls50o,entertainment,4,2.75,20306,112385,4.273
XZo5o1Y0h9o,education,7,1.37,332257,1247284,2.173
X_tYrnv_o6A,education,7,1.37,110976,502040,1.986
XaKDp3ijSx0,comedy,15,1.3,171964,629664,3.908
XblV5A1PlDo,music,6,1.37,282823,1171252,3.445
XbuQAbG2AZ0,news,4,1.4,296903,868868,2.096
XbxRqlHtKUE,pets,18,2.54,440604,4050988,3.757
Xc675sarBYc,pets,8,1.91,51843,533608,2.409
XcSMdhfKga4,entertainment,12,1.65,794645,4149544,2.733
XcUiOyKclOI,music,6,2.34,14517,125128,6.88
XcqS9okipTU,science_tech,10,1.29,99533,300755,1.79
XdNOI-q70q4,entertainment,21,1.99,246888,2025376,5.876
XeLIvgsYdFI,entertainment,8,1.16,42725,132283,2.565
XiHiW4N7-bo,film,19,1.71,4044567,16651726,3.712
XiIShINrftE,music,5,2.03,377096,1549191,2.595
XkGTE4WMMko,howto,5,1.42,132743,505086,0.86
XkVwqEdYlNA,entertainment,6,1.29,377059,1324411,3.377
XltvwqBZIPc,travel,8,0.97,530291,844292,1.246
Xpv-sEKl1B4,howto,25,2.17,533701,4012186,19.336
Xpw0ts8RTfk,entertainment,4,2.16,4167,50155,1.498
Xr2rgT9uEnA,gaming,24,1.25,763557,3229540,6.408
XrvedhkDN5A,entertainment,13,3.04,66917,652347,6.261
XsVy4ImgM0o,music,5,1.16,51066,150880,1.933
XtlLI_pBC3s,comedy,6,1.76,493941,3111804,1.515
XwDTzD75fT4,music,12,0.79,119811,717861,12.541
XxvQIaCJ9Xw,film,4,3.16,47266,292086,0.734
Xyb1fsPG-Xk,news,6,2.29,288496,1149123,1.268
XzvHSMEBFjE,sports,9,1.73,196246,1012695,3.024
XzzQL96yAwE,comedy,12,3.08,60011,509104,3.656
Y-R3QdTGeLg,sports,8,2.51,56923,399939,1.211
Y-iFgDK_D5s,pets,6,1.99,1050301,4253449,2.954
Y0D0s9eIKuw,entertainment,4,1.99,307800,1627758,2.661
Y1n8F4uClUU,autos,7,1.79,1160314,3460380,1.313
Y26pMy4jf8U,entertainment,4,2.12,113238,985425,6.88
Y4357OXULfc,entertainment,6,2.08,144773,969427,1.722
Y62ExbHI4Yk,education,6,1.33,171762,530143,0.872
Y6zucdAzNi4,entertainment,8,1.17,27780,71241,2.342
Y9nDagqKL7Q,film,6,2.13,125340,643737,1.613
YBgabneSziQ,music,9,1.67,115421,383282,1.737
YBpdL9hSac4,film,10,0.85,8147585,34269048,3.703
YEGhKwpEKEw,howto,11,1.29,76442,476030,3.192
YF6xzqOfCD8,education,5,1.33,66823,251174,1.002
YFHHGETsxkE,film,12,1.33,553004,1805597,2.462
YHTnun3zpNk,entertainment,8,1.78,26791,98031,1.089
YHdOh90kGHQ,people_blogs,4,4.33,50105,940570,2.156
YI3tsmFsrOg,education,26,1.5,1135717,4705269,6.589
YJ25apqV-C8,entertainment,6,2.23,132486,581600,1.487
YKWGQyz-oLw,entertainment,16,2.4,197234,2019017,4.99
YL9sNrOlK-I,sports,4,1.33,1170772,3027415,1.234
YML2DM0K8DQ,music,13,2.83,98258,930867,8.684
YMdo_0H1thU,entertainment,6,4.25,19417,284691,2.374
YNpCXG66_PA,pets,4,3.0,9104,47862,2.9
YOxo2IUFnr4,entertainment,7,1.6,30110,104073,1.75
YQ1cEC6FZRg,howto,8,2.25,27843,96756,1.725
YRRczTwopgA,film,5,2.31,2382,34059,1.999
YS2y_12IWlA,science_tech,9,1.27,901628,3181164,3.083
YVfyYrEmzgM,education,5,1.33,219103,380111,0.972
YWVylysTNIA,pets,5,4.04,1391,96288,
YXTzMOmmEfE,music,5,2.11,543792,2502652,2.563
YZ1UN5gvLjQ,entertainment,8,3.21,273015,2755456,2.843
Y_8PXU6_BR4,comedy,4,1.54,13980,77002,1.456
Ya_trIAWIXA,people_blogs,15,2.37,238061,3724531,9.314
Yb2YuC7UbwI,education,8,1.37,141886,724152,1.566
YbQ-NgaCntk,entertainment,8,1.37,113582,313852,1.46
YcCrw6d3UX4,news,5,1.2,1862,6183,1.009
YfOHh5mt9SM,entertainment,5,1.98,52042,461540,3.113
Yg8jdBLTtfo,entertainment,15,2.21,146295,1655978,4.546
Yhea380bYp0,music,5,2.21,21134,221395,6.951
Yiq8YjQC6Rw,entertainment,15,2.03,108046,1153185,5.569
YjBB89qsupM,music,5,2.23,125601,828587,4.725
YkLzdHTv3G0,comedy,7,1.75,83377,806660,1.839
YkfsQKs659k,howto,4,2.33,59510,759718,14.113
YpUDblEURdY,howto,7,1.37,710281,2400024,1.694
YpnV0M6XTc8,comedy,6,1.24,63137,192638,1.591
YqC5loCFMtk,howto,9,2.19,42671,259404,2.417
YrVTJd6mvpE,entertainment,5,4.21,91095,354807,1.294
YrzxVhbDc-4,education,5,2.21,114042,627696,1.838
YsufMtUOXtI,comedy,7,2.37,37854,179345,3.018
YvEGAcgpwqQ,comedy,11,1.29,152008,661061,5.271
YvfYK0EEhK4,comedy,7,1.35,684679,1607810,1.421
YvjhDjUbFyU,entertainment,6,1.93,170596,881585,2.474
YywJykbEllU,music,10,2.08,283005,1245242,2.234
Yz_VzJ4_OOo,entertainment,4,2.17,93889,486455,1.364
Z-dLdCXhapc,people_blogs,5,1.75,229073,582548,0.783
Z00-9MhEw5o,comedy,5,2.12,28373,211469,3.942
Z0JupszeKIo,news,5,2.36,93949,176993,0.531
Z0vLiQLpsc8,comedy,5,0.86,1692205,3222946,1.182
Z2Y8jGrkrDc,comedy,6,1.38,189688,489051,1.011
Z2ttpo7c95s,news,13,1.97,169755,1013344,1.58
Z48OG9917mg,comedy,5,2.27,73306,591389,1.384
Z4qNw1dPuNI,people_blogs,13,1.25,266092,839932,2.07
Z9cB0TjfIkM,film,6,1.25,564453,2109158,1.559
ZANqw73F9Pw,entertainment,4,1.99,220195,1184957,2.111
ZAQs-ctOqXQ,comedy,4,2.29,62719,371683,0.708
ZAzk_L70t1s,entertainment,5,1.46,60155,506046,2.089
ZB7_1CoKntI,comedy,11,1.41,504717,2910915,2.816
ZBXZojt6dpM,education,5,1.42,57126,185947,1.781
ZCEgDAYzyRw,comedy,9,2.25,310839,3121631,4.865
ZCPwpcurYns,entertainment,13,2.13,742265,6187534,3.04
ZDk03lHV47Q,howto,5,1.48,43133,164028,1.044
ZEkImgh--PE,music,11,8.46,464298,12122117,30.626
ZEqWh6fl_sA,news,4,3.22,97886,1158871,1.586
ZFwylDNpgFc,gaming,4,1.21,420264,2597509,1.472
ZIbI0ekrrZU,sports,12,1.95,116269,578416,1.775
ZJDMWVZta3M,film,9,1.35,5213306,36152111,13.79
ZJkc_C5-Cd8,entertainment,6,1.75,781584,3447677,1.201
ZKWDCyVbnoM,film,12,3.38,168096,1503335,2.596
ZKZwrlNHMkk,people_blogs,18,1.42,452966,1705452,3.315
ZLFak6N04GY,music,6,1.29,64462,280506,10.076
ZO4CMPCmFDE,entertainment,5,1.96,521064,1659272,0.937
ZP57Kn9eAAQ,education,4,32.11,20119,342564,
ZQcaYYHqrUY,comedy,4,1.81,430779,1478788,0.923
ZT0CCaKDxjg,comedy,10,2.06,957582,3032542,1.965
ZUSPD9zOyJs,people_blogs,15,2.22,656412,6157587,4.854
ZUV53Nn3PhA,science_tech,8,1.2,76805,322227,1.347
ZWMp9BpWODk,gaming,4,2.42,63562,691970,9.005
ZWllUdFLzXU,sports,6,2.43,17421,118291,5.464
ZYXIAzqOgoY,howto,6,1.01,155204,419822,1.558
ZZE1_maXiAI,entertainment,5,1.05,17300,40258,1.438
ZZIq3bSOD_g,sports,4,1.94,3825,32275,0.593
Z_kfM-BmVzQ,people_blogs,7,1.9,683856,2197295,1.533
Zb1ShTFP198,entertainment,6,2.1,166535,983701,1.944
ZcCp7488puc,music,10,2.42,356070,3506379,14.284
ZeGNvhAsUW8,music,4,2.0,30209,169934,2.718
ZfHiw_LFNGw,entertainment,7,1.98,1243082,5545698,3.161
Zfpf5dnYA4Q,science_tech,6,3.54,14653,184944,7.667
Zh4c5IrllBg,film,6,2.2,391930,2339940,1.545
ZhEz1cvC1rc,gaming,13,2.25,495291,4823561,3.865
Zi9MkiQzl20,entertainment,5,2.21,70949,209868,1.004
ZkPSbp3zTfo,entertainment,7,2.7,318038,3383838,3.203
Zn99TMv0vac,science_tech,5,0.93,80233,122141,0.734
ZnkiHQLI0w0,howto,4,2.9,48185,735223,8.519
ZnvGy6pcGxs,sports,5,1.82,25424,276554,0.98
Zo9rgbn0SMs,film,9,1.33,180811,631554,2.894
Zo_mpwmashg,comedy,5,3.15,331709,2224831,1.254
ZpMNJbt3QDE,news,9,2.08,77982,733180,2.83
Zq5ESvmKagc,music,10,1.97,289906,2179222,3.157
ZqOtqz8bSDk,entertainment,10,2.25,100115,774567,1.984
Zr4md5OqL60,entertainment,6,2.43,8803674,19669098,0.921
ZrP0Mqj9U_c,education,4,8.37,1531,190451,6.464
ZsN1V9Hjfvg,entertainment,10,2.37,23256,99837,3.257
ZsvViZgVXL8,entertainment,5,2.42,54779,507275,2.635
ZtiCq8S0hq4,people_blogs,4,3.4,101351,646742,
ZurW-Uc6Lc0,howto,4,2.62,38677,539045,2.481
ZwoDYJWWXW0,music,14,1.66,556763,5758360,10.15
Zx7p_tmWlq0,news,6,1.14,2236,14276,1.134
Zzi4EQKBbOY,education,4,2.08,61789,267142,0.686
_-aDHxoblr4,education,5,1.33,162132,338085,0.858
_0Wz8e4W-oE,comedy,13,1.94,250506,2138878,3.125
_0ovuLsnU1A,entertainment,9,0.92,823145,2507969,2.648
_0uV-jMbHQU,entertainment,5,1.44,3482,9595,0.59
_1LdMWlNYS4,science_tech,20,3.12,312610,1925345,6.701
_6lGaYh71g4,travel,9,2.58,40689,402402,2.987
_6uvQtccJss,howto,4,2.21,136414,1281002,1.336
_72fqgEevOo,people_blogs,6,1.71,130052,577212,1.942
_7985zBEM3o,people_blogs,4,3.12,225012,4209089,1.975
_7QuvSK-A5E,howto,6,3.24,76679,1649348,2.813
_9YMpuLDnwo,howto,7,1.65,4567467,54155921,
_ASpoeFRTZ0,education,5,1.42,119420,437549,1.552
_BcYBFC6zfY,film,9,1.33,4751644,12976087,2.173
_CFJ1u-DIBc,science_tech,6,3.18,4049,146505,5.19
_CZHqpIpN4k,entertainment,4,2.1,19250,159145,2.892
_Ch5ClOB9AE,news,5,1.33,204309,655073,0.823
_EMxJMU1dCo,howto,10,2.25,93439,930151,1.617
_EvMYEfF_hQ,entertainment,6,1.29,3281067,13025011,1.748
_Ihg1_3-0os,music,7,0.79,103221,485881,3.077
_IoOJu2_FKE,science_tech,14,2.46,332251,1150554,3.374
_IuEg3xbDA0,entertainment,10,2.37,304771,3254707,4.024
_JY-latu82Q,entertainment,4,3.37,1199,7662,1.445
_JhaVNJb3ag,pets,6,1.25,371502,792814,1.502
_KBc4B5JFoQ,music,7,2.0,442685,3622209,
_KEN-cxmGw8,autos,5,2.19,139747,1108618,14.436
_Lp5iMI8RWc,entertainment,4,2.36,256006,2846563,1.715
_NWs7ntMRBA,music,6,1.42,565972,3105286,2.972
_OZJ03OBJj4,film,7,2.27,273898,2017280,1.936
_PgMjA4x3rE,comedy,16,1.23,299320,1211777,2.978
_QWZvU7VCn8,entertainment,4,3.28,583833,4069186,1.444
_QufBstcsrc,people_blogs,6,0.9,132165,215775,1.027
_SbotS1p4yg,entertainment,4,2.07,21957,107053,1.062
_UjAxuSuLIc,education,6,4.35,5390,284574,5.658
_X8XtZZYkNA,science_tech,4,1.29,874521,2431398,1.007
_YSVbM1saXM,music,5,1.39,316303,1120978,2.153
_Ybm_ZNLu0w,education,13,5.46,33071,1095519,7.52
__-22AJoFxY,music,4,1.44,56082,270838,4.392
__1SjDrSMik,people_blogs,5,2.08,260537,1578774,1.971
__4c1JCHvaQ,howto,4,1.33,1079612,3645622,1.282
__Wd-iOZQ6k,comedy,4,3.19,81063,1757705,3.695
_akwfRuL4os,people_blogs,5,2.19,19436,307975,
_cn12TCA4SY,music,4,2.25,8586,52964,12.503
_fVUX6-7VKE,news,6,1.51,259605,1189824,1.197
_feQprPLL98,music,4,1.53,71394,186722,1.074
_fjfo256p6s,music,13,3.34,51952,576001,135.162
_h9EEni5rks,entertainment,4,2.18,1734,31015,2.13
_hMQe2U4c6w,music,7,0.79,3470255,13418200,4.644
_iGAptGAweo,comedy,5,3.33,227287,3019735,6.964
_kwsw07w8lU,howto,9,6.07,25791,896317,3.673
_lUiJsnGXh8,film,10,1.25,446816,1823566,2.302
_mHSkHjInS4,film,9,2.37,304568,2776665,3.219
_oZIbFolJTw,film,5,24.87,400,3598,2.333
_odvYvbW9VM,comedy,4,2.52,82104,650940,1.234
_pP_C7HEy3g,science_tech,13,2.36,48015,323504,2.841
_pxQcHAMi1E,education,7,2.46,71802,514568,1.784
_r0cf42EUBw,people_blogs,4,2.12,218672,2616555,5.402
_rBaHuQi9gQ,howto,12,1.94,70463,464699,2.86
_rPgJ_CgiZM,news,6,2.24,56109,397776,1.696
_s1M-rkDO8Q,entertainment,6,2.22,8590,61665,4.854
_suPAag6_i8,entertainment,13,2.25,85778,437541,5.06
_vrcsnkXCI8,howto,11,2.12,76979,398699,1.825
_wNZbgBPz1Q,film,15,1.48,123399,447473,2.998
_wS7seijyks,howto,7,1.29,218199,799870,2.804
_xwX82Y0Oro,entertainment,6,1.62,129206,992294,12.854
_yJq9SeGLhg,howto,6,1.33,252771,1130995,1.381
_yThFcog0nA,howto,8,1.42,436331,1452367,2.303
_yiQHtBFYkg,music,8,2.64,70211,458154,4.272
_zCDvOsdL9Q,comedy,15,3.33,1000753,7440776,2.988
_zhR6d6LDzM,film,6,1.29,249581,714665,1.544
_zu53yAoTJE,music,6,1.33,162800,724556,3.101
a2bjPDkFR40,entertainment,10,1.54,181603,812300,2.354
a30K69hUJyo,entertainment,10,3.39,176202,1237208,2.454
a30wbmGT3R4,entertainment,6,2.24,7940,66239,1.261
a49beT37Bc0,news,4,3.62,206765,2314081,1.09
a6D9ksDanh0,howto,10,1.9,46571,311989,2.411
a73YoV2uf6g,people_blogs,11,1.67,121503,633226,1.705
a7NJ6Gek9v4,people_blogs,6,2.01,615298,5875258,14.307
a8gzChJsvEo,film,6,1.28,425919,1789817,1.369
a9B4AgwYG4E,people_blogs,5,1.31,44370,115838,1.131
aA6Z0x4rX30,howto,6,1.65,71140,251338,1.211
aB-UKwO367s,film,6,1.2,1135451,3922298,1.36
aBL027wEtg8,music,6,2.77,161599,1216232,1.679
aBQDFQwfX2w,news,10,1.33,5239,25393,2.247
aC5lxLCyyhQ,film,11,2.92,255238,1187812,1.651
aCddogeAHMY,people_blogs,10,1.23,279513,927831,1.094
aD5dCMBeySA,people_blogs,7,1.41,26069,154224,33.695
aDl6SGTkomk,music,4,2.17,40430,121390,0.624
aE4XqQZLkek,entertainment,5,107.31,339,2721,1.314
aEM1Zelai1k,pets,5,2.17,71052,392184,1.357
aEM2kOrrNJI,music,19,2.5,1404471,30599645,15.644
aFMUPcuSsJs,entertainment,5,5.53,158911,3105328,0.722
aFuA50H9uek,science_tech,8,1.07,2038775,3680427,1.303
aGl-1nwahCA,comedy,7,1.44,1160813,4807512,1.877
aJ9XruZm_Hg,entertainment,5,1.46,79036,410282,1.608
aJOTlE1K90k,music,9,0.83,5655150,66529577,55.022
aKPz583WRpQ,entertainment,7,2.19,724427,2659593,2.137
aLLgene7kJo,music,9,2.27,3310,24371,2.322
aMQbRpxgFvs,science_tech,10,0.97,962058,2309633,2.255
aNvRdg1lR7c,entertainment,13,2.83,672230,3856726,1.685
aO7yzmc3ykw,science_tech,6,3.34,38386,747391,2.806
aQzai9oXb-g,howto,4,2.06,65856,464544,1.492
aSO1gltbg0o,sports,5,2.16,43709,257584,2.582
aTYkKrhj5pE,news,8,2.56,70079,900305,1.247
aTvw9_dxBlk,news,6,1.24,16977,32307,0.69
aVamZUeeR88,people_blogs,5,2.13,52998,576861,1.547
aVpvVq_yZLM,news,6,1.32,49420,170075,1.053
aXLS_WDIugk,entertainment,4,379.18,158,17716,5.206
aY-0uBIYYKk,science_tech,8,1.27,59398,921465,2.502
aYnyMPc3LQ4,film,6,1.24,999901,3770744,1.859
aZdkR_WhA5Q,comedy,6,2.25,222728,1590640,2.514
a_iMlwkzwow,howto,6,1.37,225127,740043,1.436
a_u7g5BlfiY,gaming,5,1.42,1234508,3224847,0.895
abeqEEmpbdM,entertainment,5,1.41,94796,319454,1.698
adz_lnvL0qI,entertainment,5,1.06,12572,36064,0.968
aeoeECXFksI,news,6,1.3,342989,808361,1.303
af6L1jBZGYA,comedy,9,1.79,352421,1520884,2.357
agUg8Fyv-1A,sports,7,5.35,23468,281678,6.827
ahSKGi_21xg,comedy,6,1.79,875961,4096699,1.556
ai6NByMmCVU,entertainment,14,2.08,124238,1139279,2.97
ai_UWoM37dI,entertainment,7,2.17,1041557,6988208,2.877
aj8mN_7Apcw,film,6,1.19,1690696,6185841,1.23
akNs04ef_Co,howto,5,2.13,93448,810444,1.237
akTosGXl8pI,entertainment,6,1.27,60599,136788,0.853
al0lGtRpO5M,music,4,1.29,21866,71849,1.423
al2l6YLt7cg,music,8,2.15,67724,387382,1.771
alRtHXnZMOI,music,8,2.29,24798,720749,
aliDVYH08pg,pets,5,1.35,51301,239592,1.9
amtC28yfYCM,comedy,20,1.67,108788,588133,5.097
an6dsm86Kn4,travel,5,2.42,79066,583281,2.659
anDIlMVgNwk,science_tech,12,4.41,443345,3280332,1.821
anjMMdSuFuE,comedy,6,4.08,60614,658110,0.937
aoY0J5jSbTM,entertainment,5,2.29,357349,1554433,1.426
aobdrJr6UaE,howto,5,1.15,51712,123804,0.943
apN4BMMKt2E,comedy,4,3.25,23862,554706,3.587
apRvFNM5Vps,sports,6,3.75,4313,131141,2.48
aphpJi5jKrM,people_blogs,5,1.96,96638,599176,2.475
aq-phmpUJ_E,music,12,2.08,128860,931253,9.868
ar8S6virCwM,education,4,2.37,83063,467994,1.341
arv7U6cfD40,comedy,5,1.29,55147,212075,1.83
asiRHYuOP08,music,12,2.04,103698,633790,3.56
asu37n6sEBY,music,7,1.33,153196,597308,3.496
au5hwGS4KRE,news,7,0.91,546832,1551300,1.136
au8QGTiPhEw,music,19,2.33,228827,2611836,8.661
avnapsraeXM,people_blogs,11,1.36,47004,234260,1.178
azFsk42kb5E,entertainment,16,2.33,237931,1552066,5.784
azUbCdcAeFM,autos,7,2.96,236026,1052662,1.64
b-5c_Z3pUVk,entertainment,5,2.27,10466,48907,0.896
b03U6BYF9L0,science_tech,7,2.29,126032,846278,1.65
b191evqWAwE,sports,6,1.96,57973,316194,1.557
b1BAq8T9kqY,howto,8,1.83,64734,308720,1.583
b1Vi4YGMGkk,news,6,1.78,596480,1694719,1.558
b2EOxGUuBWA,film,12,1.27,377735,2058270,3.465
b2txBXQGjJ8,entertainment,6,1.21,328086,940127,1.376
b33PN2NB2Do,news,10,2.5,40897,352299,2.566
b6fepBtNgVM,music,5,3.29,122227,1225591,11.387
b7FxPsqfkOY,education,4,5.39,5964,248330,5.84
b7zWwo9dbiU,science_tech,10,2.16,186989,1228275,4.799
b8GGWHGkx3Y,gaming,12,1.23,183359,556976,2.286
bAHAwesTLB4,people_blogs,5,1.37,170455,890843,
bAfn2duIlN8,people_blogs,7,1.18,49156,193223,2.555
bAkEd8r7Nnw,entertainment,7,1.23,1391053,3794124,1.495
bEWLOo12UAU,music,8,3.17,22444,268430,2.332
bH8fQoYfZe8,entertainment,6,1.97,93436,480569,2.21
bI31WqFDxNs,film,7,2.93,203918,1851372,2.649
bJNnsAmNoUc,music,6,1.33,35619,104674,1.759
bJWDajO2SZE,entertainment,11,2.12,161814,1836595,2.469
bJje-B9YLIU,entertainment,8,3.42,476,6688,5.567
bK0TEqDtkK4,gaming,10,1.24,222485,977753,2.383
bMrRN99DYKU,music,6,1.78,1753460,4423680,1.089
bNcj9iR956M,comedy,5,2.24,251439,1358775,1.55
bOG0X1WvXVU,gaming,4,1.99,1581,23851,0.826
bOzOMmHlQ3o,comedy,6,4.0,6529,109733,
bPZFQ6i759g,science_tech,8,4.58,6871,157936,2.376
bR1d8l92Q8Q,music,11,4.46,46152,483082,14.385
bRkdzjzqepQ,comedy,11,2.58,165159,1594965,3.508
bS9zXmexXUQ,news,6,2.17,78120,338709,1.181
bSYNEkkuhoA,comedy,14,1.12,62325,152062,2.118
bS_Zr-Hu4Mw,howto,6,2.18,120703,1277105,7.79
bTfJa_Qb5T0,howto,13,5.29,397064,4604277,
bVMVxJJ7P8M,education,5,3.37,31469,432140,6.029
bV_3HQplzRw,film,7,1.08,140997,721821,1.614
bWL_MVbpGT0,music,12,2.21,70722,629744,8.466
bWZ_Z5dgrb0,sports,9,1.43,89998,272859,1.416
bXYkU5u5pzg,sports,6,1.91,53978,283313,1.195
bYXM3uz1bjM,music,5,2.0,91230,462594,3.867
b_lULj6v804,sports,15,2.67,92662,1359328,2.91
baj6llvgpWA,music,6,1.79,1146575,8470806,54.796
bazp-LVqlK8,entertainment,4,2.42,73523,425904,1.539
bc5BnTYRgx8,people_blogs,5,1.37,1436205,4787793,1.141
bcHh116rcV0,comedy,4,2.22,5267,93102,1.228
bcPTiiiYDs8,education,7,2.45,33485,302153,1.849
beUCw1VH11U,film,5,1.24,26098,75279,0.975
beb8zCGMsbI,comedy,22,5.92,108759,2275999,10.252
bg7RjxsghNY,music,4,1.46,1232773,4609321,2.087
bhqH6tTr_Lk,entertainment,8,1.33,63694,276563,1.641
biIRlcQqmOc,film,10,4.17,31126,294668,3.049
bkwLxcfcKTY,howto,4,1.39,16818,49313,0.856
blgS56pESPk,sports,5,1.82,283998,2027943,2.154
bo8OYPYRTIY,comedy,5,1.27,227635,645532,1.1
bqFjyo7I8fY,music,12,0.88,1105180,3021666,3.169
bqIVwa9VFDM,education,5,2.08,53406,335365,1.189
bqPARIKHbN8,entertainment,5,2.29,124317,838711,2.83
bqbWMgkvedI,howto,5,1.35,84692,303174,1.469
bw_ob5GFi6I,music,5,1.78,4128,31612,
bweX9_u7S0Y,sports,4,1.4,89872,444092,0.737
c0bsKc4tiuY,people_blogs,21,1.27,438702,1144940,5.024
c1npkEoEtos,people_blogs,14,2.43,361560,2028512,2.576
c2rEwAWHP7s,howto,5,2.06,9432,75289,1.978
c3BTGJgd8Wo,entertainment,6,1.44,215438,758052,1.409
c47kn_Y4y8A,science_tech,5,2.29,284725,1873164,10.345
c7cYON3uVZo,entertainment,13,1.29,515759,1587545,1.638
c835XURBeLQ,entertainment,6,1.01,140951,299105,0.967
c8DogLWrs90,howto,5,1.25,10348,43651,1.816
c8W-auqg024,education,12,1.37,1316071,7349435,6.048
c9m52-psUmw,entertainment,5,538.04,852,9078,1.668
cAamrkLjIuM,entertainment,4,2.21,22857,138073,2.08
cDDF4pPwEUU,sports,4,1.82,3651,29188,2.63
cDZfh5IjGv8,science_tech,7,1.14,329311,1084820,1.249
cDjYY7nW7cY,pets,5,1.29,113487,392655,1.631
cH4E_t3m3xM,music,8,1.33,2661931,20752341,
cHB_s970Uyw,entertainment,7,1.37,1785822,5950405,1.318
cI5RYgvPHLU,film,5,2.25,80075,1273082,16.33
cIQKKzZtWwQ,music,11,1.79,123506,624894,5.088
cIkEjFiUqwU,news,8,1.15,80728,472551,1.505
cKbl19xeSIQ,music,8,2.04,117255,1093385,6.672
cMD63TwzB1o,music,12,1.79,799359,5569216,7.176
cMtHByGJ8Ao,comedy,5,1.94,155431,931571,3.984
cPSpmSXNy_A,music,5,1.42,121468,458155,1.43
cQtYcpRGGIY,howto,11,1.05,36027,134436,1.787
cSFfxxVYpxk,howto,4,1.29,331414,1333624,1.639
cUMQfRrqOs8,howto,5,1.91,35400,97879,1.367
cUa93K56cc0,howto,15,1.46,226878,923836,2.462
cW5ueE2vUm0,music,7,2.12,289524,2319218,6.219
cWGWYAhLuAQ,entertainment,7,2.29,128157,973396,2.804
cWHAsCWry8s,people_blogs,6,1.91,17573,151742,3.257
cXOZLskXCog,howto,12,3.23,113879,482005,2.981
cYkDfWdlLak,comedy,4,1.27,194625,863852,2.023
cYxzLGk2NcY,comedy,9,1.52,595455,2495467,2.636
cZAryCaRE3k,entertainment,5,3.14,18986,250260,3.598
cZF20bAAFtM,music,4,2.79,1649,27191,3.428
cZYNADOHhVY,education,16,1.46,252964,1360085,3.355
caCdf94Blfw,film,7,1.38,432556,1612824,1.384
caN18WcW5XU,music,6,1.93,33009,140887,1.694
ccQJq3gGt4o,music,4,5.79,65845,394153,2.7
ccgIXa7TIkc,entertainment,9,1.81,233171,1262601,3.021
ceJcHUoO734,gaming,6,0.91,202438,347988,0.874
ceXPzJ0fZNs,comedy,8,1.92,359047,2505168,2.466
cgYHbIEZWW8,news,6,1.22,153186,389613,0.765
chFKDaZns6w,entertainment,5,2.08,59779,331575,2.002
cik0lYDZa7c,sports,5,2.9,633,24186,1.4
ck2ClsAoN8w,people_blogs,12,3.2,132475,2997289,6.329
clT-XYIceIc,sports,4,4.25,100968,898422,1.926
clvljBUYduE,entertainment,5,1.39,7605,17737,0.719
cmoknv58jjE,people_blogs,6,2.12,325064,2433987,1.4
cntsqw7XOF0,music,9,1.37,26211,157137,5.027
coOKvrsmQiI,entertainment,5,1.11,5212066,15104666,1.701
cosN6ilQ5u0,howto,4,4.32,40126,1025010,2.046
cpGA0azFdCs,music,17,1.37,1338639,4396745,3.743
cpxwX6KvWbQ,people_blogs,10,2.63,135121,820955,3.546
cr6H8ACWp4E,entertainment,7,1.54,271549,1042805,3.666
csqXekWeBYo,people_blogs,4,1.21,16947,35916,0.613
cxMvzK2OQTw,comedy,7,1.3,717296,1365087,1.051
cy9W-ZywVPc,film,9,2.18,287576,3042679,3.331
cyhU06cXfeU,howto,6,2.19,123833,1456636,4.878
cytyAgu9-bA,entertainment,4,3.37,504548,3052072,1.233
d-HPZL6AU64,people_blogs,12,1.19,1148490,4307840,2.619
d1D1SJ-KqaQ,music,8,2.62,3201623,15552885,4.425
d1hs-JI_yBE,sports,5,3.75,52478,788372,1.61
d2TrEsA3nzg,music,8,2.83,53390,426969,6.852
d380meD0W0M,entertainment,5,2.25,413895,2819118,2.129
d3PMBPw74cc,entertainment,5,1.32,202843,711676,1.974
d3h_uD-5d7A,howto,4,2.31,134973,992396,1.677
d54e3kcTlHM,music,7,1.37,174371,565798,2.354
d8GHT9nK66Y,music,7,1.67,147673,938879,17.251
d99_h30swtM,education,8,1.33,125910,494173,2.371
d9h_qtOoFnA,music,4,2.35,58644,267761,3.075
dAOZa7JYnsw,science_tech,8,5.42,4701,168103,2.672
dAfqL3Hts_U,entertainment,5,3.3,1160,36457,
dAyg7C2-mjQ,people_blogs,5,1.92,96431,495854,1.563
dBTKW8NKAt4,entertainment,5,3.9,8216,48112,3.107
dDAlGl_8f9U,film,6,1.25,433332,1225593,1.4
dDZoGcQVjJg,science_tech,4,3.33,5209,54813,
dEs6-IfOGbw,travel,13,1.37,308723,814243,2.125
dH4ZXmeEJXs,entertainment,6,2.04,343348,2128508,1.494
dHCURII_974,entertainment,5,2.29,4549,22893,1.338
dHDn26UX4aw,comedy,5,2.2,418158,872663,0.705
dJCKavW22PM,travel,10,5.33,39299,593001,12.188
dJgoTcyrFZ4,news,11,1.78,63914,265096,16.541
dKccvk36atQ,howto,7,2.33,233394,1469630,1.518
dKoIPuifJvE,entertainment,8,2.28,2219663,9020750,1.788
dLRZTBtdMUg,music,7,1.2,76187,206873,2.036
dOv-1NG-YKc,people_blogs,6,1.85,92684,902928,1.369
dPWg-A9tiRI,comedy,6,2.1,116382,1207578,4.724
dPuULksBPcI,entertainment,6,0.8,83271,129466,0.72
dQLlS4l1UJk,music,4,3.37,55383,380031,6.991
dQjTQFRZsD4,music,6,3.09,71748,544511,11.393
dR10LRByhRc,howto,4,1.9,33671,287677,1.354
dRfvXL-m7O8,entertainment,13,3.32,63832,1005811,4.752
dRpNZV18N_g,entertainment,4,2.42,49527,324024,1.397
dRvKm__GrqU,people_blogs,6,1.17,323552,2210090,2.497
dUMH6DVYskc,science_tech,7,1.5,971457,2227708,1.31
dUztYCMZYls,gaming,6,1.42,414120,2490503,7.504
dVNZYskqdEc,howto,6,2.02,19787,107255,2.27
dVQ6rwaZ648,entertainment,6,3.37,35224,639391,3.346
dV_UXo8LiWk,entertainment,8,2.46,60411,566512,1.968
dWLDoQ0Kus8,people_blogs,15,2.99,51658,909623,3.068
dY2jpeasD4w,entertainment,15,2.37,51046,614692,4.96
dZWNPEC6SIw,entertainment,6,1.65,128649,392119,2.525
dabnx8VSdkE,education,6,1.33,67159,299820,1.216
dbMtuJ1tZnc,entertainment,7,1.95,324451,900285,1.411
dc89yyOS0Z8,entertainment,10,3.98,698051,17404158,75.017
dcipHnWcB0w,entertainment,6,2.25,128698,715011,1.651
dd3XfA4NVcQ,sports,6,1.79,223693,1188002,3.48
de7GaRwrr8Q,education,4,2.21,13511,59365,0.972
dedaP9ym-hY,music,6,1.79,341882,2042378,3.08
df7PZIVe1lw,sports,21,3.08,2156362,14183631,5.107
dfnCAmr569k,music,6,1.79,9108640,45141770,3.208
dg2ROPhbHg4,news,6,1.33,6876,20631,0.95
djJ6GAplhFU,film,7,2.15,5044,36515,6.359
djLBR_aoymQ,people_blogs,4,2.04,1289,39926,
dm6ZSfE5muc,people_blogs,11,2.69,28612,322244,2.34
dmtTnGlTUI0,music,4,2.5,94911,542957,
dn4CKtiwxSA,comedy,15,2.29,81704,702334,5.6
doHVMJnuvDA,science_tech,8,135.23,14726,61475,1.375
doP7xKdGOKs,entertainment,9,0.99,2294771,4799533,1.46
dpLrlEBFq-0,comedy,4,3.23,405891,5827999,2.296
dpeDxEb9yeg,howto,6,2.04,88136,560687,2.404
drQXdm02oCg,comedy,6,2.05,125785,1053583,2.09
drg74wOy8z8,film,10,2.19,14769,75433,1.722
dt7fU9H8tz8,people_blogs,11,3.17,240364,2606093,4.03
duRDizP0gHQ,howto,4,1.33,302132,1043202,1.183
duXW_wPTw0o,howto,6,2.15,185283,1733065,1.851
dvJWgErHi7A,entertainment,6,0.87,37646,79205,1.268
dwEKqAwoz0Y,people_blogs,11,1.71,88539,521883,4.577
dwvVhnQTfDk,comedy,12,1.73,1263734,2600608,1.402
dx0jvrlV_EQ,music,5,2.15,48802,205870,2.743
dx9mF1KJr0s,music,13,3.46,245099,2676610,9.396
dyBFAX4SDEc,gaming,4,1.89,257129,1833398,1.041
dzxFdtWmjto,entertainment,9,1.42,3101304,14738111,2.061
e-XM8pek6Kg,music,5,1.79,100833,514150,4.554
e0hO5fTGwPY,news,8,2411.01,8403,45777,0.909
e1bEWoblGZA,people_blogs,8,1.15,1024354,2005054,1.453
e22yH5hUQ_A,news,4,2.48,97165,709406,0.96
e2ExvdtmIyU,entertainment,5,1.42,108140,404417,0.987
e2R0NSKtVA0,people_blogs,7,2.78,371663,1838296,2.495
e5D3O4yCmCg,entertainment,12,1.92,900721,3845880,1.821
e5IRkF20JmU,entertainment,5,2.04,36448,478259,2.094
e5bernQdWiE,people_blogs,4,4.37,149622,1769069,1.042
e6XeP9gQPmg,education,9,2.33,74675,575264,3.058
e77J4g0LMOk,entertainment,6,1.18,1229521,5275288,6.08
e7sIvcYmuk0,education,14,1.37,304470,1122458,1.664
e7vFVFcnBQQ,people_blogs,5,1.11,157312,578611,1.489
e89IWTGdIuQ,sports,4,2.27,2928,9762,0.674
eACohWVwTOc,music,7,1.37,1942669,16219716,4683.847
eBnXbImHX-g,comedy,7,2.13,18155,132724,1.865
eDZKgSZ9V0Q,science_tech,6,2.04,149697,1080873,1.251
eEDZuFw34YM,science_tech,6,1.29,482199,1390497,1.305
eFjFxgHedgM,entertainment,12,3.37,232321,3523564,3.783
eIAtHvzjk98,entertainment,4,2.23,101305,540857,6.599
eKFrZNXB29M,entertainment,4,2.17,15484,292609,24.245
eKwAib6LosM,music,4,3.79,55135,474712,6.197
eMV_WNJkflM,people_blogs,5,1.21,113682,380990,0.879
eMkZ8GEVgUw,science_tech,4,2.25,483389,2186003,1.583
eMobkagZu64,gaming,7,1.46,967734,2959424,1.495
eNSN6qet1kE,science_tech,5,1.35,231318,429830,1.103
eOQpjvnm4ME,entertainment,4,1.64,320694,2016029,2.979
eP33TkuI9vI,music,11,2.03,255918,1342038,1.669
eQVhAN7-IAw,music,7,0.84,382108,852543,1.948
eRphuaJ9iJ8,howto,5,2.15,19598,117072,1.544
eSHe32cEKqI,howto,13,2.25,86874,524619,2.901
eT4shwU4Yc4,comedy,12,3.1,122926,1678623,4.837
eUgrVCDUCtE,film,6,1.56,477006,2627504,3.1
eV03W0mnxkI,science_tech,6,0.93,49018,179374,1.181
eWBNCnU_PK0,entertainment,6,2.98,107588,1089707,2.735
eYJCjVkOImU,music,6,2.0,397607,2721342,13.105
eZFvbili87g,film,4,2.04,41283,224115,1.827
eZQdQ5pV6EE,people_blogs,7,1.45,108711,506698,1.911
eZSAIm_pzv4,sports,10,1.87,238693,3386859,1.253
e_7zHm7GsYc,music,5,1.37,54167,112866,1.418
e_FmQF9yVIU,people_blogs,8,3.44,17225,244088,5.949
ee24QB3o16o,film,6,1.62,17276,140354,1.922
eemkTcS0zsM,howto,7,8.29,47678,1792082,6.121
eep4_0JaaG8,comedy,5,1.52,67808,296476,1.649
efNXlVeeLIw,entertainment,5,3.46,53163,1016996,2.478
eiDiKwbGfIY,music,6,1.66,5011671,27350528,14.655
ejlD0Sg-8ig,howto,6,2.08,115535,1005215,2.087
ek1ePFp-nBI,entertainment,5,1.42,4893325,12955997,2.672
eljAjPH6zQI,howto,11,3.33,51401,969307,3.982
elwTgpHlty0,music,12,1.37,1634365,9537066,5.549
enH3xA4mYcY,film,11,4.08,291758,2095289,1.32
enqFulGwFYY,film,6,1.29,263963,1059366,4.274
eqVHah0f-1c,entertainment,4,3.38,132367,898717,1.666
er2kQ21ZTG0,comedy,5,3.3,3942,68487,3.374
euaGS3tPRBw,film,6,2.25,292910,2143706,1.946
ewTQLoNPxYg,entertainment,4,1.94,6245,78344,1.879
exQ2u3qSfrM,music,4,1.76,13712,65211,5.383
exYLX9xGoyo,howto,6,1.38,134967,652798,2.273
exsOim0Lyl4,news,4,1.72,236616,1799618,0.853
f-xe1qxhcUI,sports,6,2.84,112819,2822715,2.33
f04asn4oe4Q,entertainment,9,2.05,263836,2249743,2.92
f1fXCRtSUWU,film,15,5.53,400963,1421026,1.92
f1xIeTCgoFk,people_blogs,4,2.53,393967,3848009,3.319
f2MZnJlDJ4c,sports,6,1.93,385760,2684509,1.527
f2xPEy4PrmA,comedy,4,3.24,4501,41025,2.535
f3Xkre0GOFU,news,6,2.22,152305,302440,1.274
f3cpQZ5qvg4,entertainment,5,2.04,24643,107390,1.298
f45Va7jMSx4,people_blogs,7,2.04,39064,159384,1.669
f4FuOi9rvKw,film,14,5.17,57145,1671589,3.672
f5Y3cf3MFIw,education,6,4.35,46826,890541,
f6Egj7ncOi8,howto,6,2.07,344649,3963050,2.507
f9psILoYmCc,news,4,3.83,171765,965328,2.208
fA8bw85NmlY,entertainment,5,4.27,1087,2164363,
fA9Ypn3jQw0,music,8,1.4,18061,90168,20.311
fAIX12F6958,film,8,1.71,3827572,19864779,1.607
fC8gutkCu1c,music,13,1.38,836620,4029646,4.927
fCe38yjduXk,pets,4,2.19,11479,43171,1.174
fCuvR9LEczE,entertainment,8,1.7,116897,263464,1.654
fDRrqJU4-Tk,gaming,17,1.59,316308,4043273,15.369
fEMxFSjmo5Q,howto,12,1.29,119174,1370158,3.934
fEjag-a7TyU,sports,7,1.43,475197,1251416,1.252
fEskVQgtwaI,entertainment,6,1.25,1685733,3337072,0.96
fFSmOE0Uxms,people_blogs,9,1.25,246448,889056,1.931
fGHOLz35L8M,pets,5,2.08,339678,1225340,1.705
fHZe0PJf8HA,howto,6,2.03,12738,78433,1.661
fIElFIuzGLI,howto,7,1.24,61804,285437,1.375
fJJBAwiOjRI,howto,4,2.12,20791,168910,1.152
fJe0cmOvM94,entertainment,4,1.46,716531,2302182,2.024
fKuxh0E9mSI,music,13,1.29,84758,607765,10.754
fLjXIFvafSE,science_tech,12,3.08,25541,341276,5.972
fLwKs5yslSU,comedy,4,1.11,667660,2089947,1.203
fMaC7IeGKNQ,comedy,9,4.16,26897,285469,2.741
fN5HV79_8B8,entertainment,4,0.82,3053793,8159690,1.718
fNVUTgd4pio,music,16,1.83,586327,4216147,14.292
fO8pPjlFtNw,science_tech,5,1.28,72253,316907,0.988
fO_zejwc054,entertainment,4,1.54,7112,27898,1.166
fOhB5JyEkOQ,entertainment,7,1.24,452633,1974031,5.606
fPeQR-_JBzU,film,4,7.2,3724,126313,6.501
fQTVpWxu570,music,5,1.37,25099,110338,2.901
fQjGRb4-IQM,pets,13,5.09,69237,491967,4.087
fRcmFr9cE5M,entertainment,7,2.15,23048,274761,7.132
fRj34o4hN4I,science_tech,7,1.12,4848534,10775416,1.293
fS2fsa1fuIw,pets,11,3.06,180150,1202228,5.102
fUyU3lKzoio,science_tech,6,2.17,1931262,8258089,1.383
fVVS9Tng7C0,entertainment,5,2.4,37222,198051,6.557
fYUXvrF85uQ,comedy,18,2.23,111774,1369854,4.776
fZwwcwfbmdo,news,6,2.19,281296,1349950,2.439
f_jTeuajas0,film,6,1.24,446870,1301742,1.239
faYA_upR_a0,pets,10,3.62,24497,437061,8.1
fbL1ZoAQgUU,science_tech,6,2.18,293932,1248469,1.169
fcVjitaM3LY,science_tech,4,1.49,77468,188957,0.89
fd7M_5xW0SI,music,5,1.92,339018,1838042,5.135
feYykx3Fq-k,pets,17,2.46,58942,588502,9.597
ffgzh93MdQM,pets,8,4.34,125431,473198,1.565
ffxKSjUwKdU,music,18,1.83,9193401,122581156,33.332
fi483E-A8P4,howto,8,2.33,59565,632115,2.337
flLc6LmAG6c,music,17,3.37,31049,842721,28.469
floMqK_yHf8,music,4,1.79,262217,2412639,1.881
flvn3JfcVHk,howto,5,1.15,265163,735708,1.156
fmqcXfcrAis,pets,4,1.46,2955,13970,0.768
foImxGyOuQE,entertainment,5,1.6,22815,89365,1.527
fp84YC6M-C0,people_blogs,9,4.29,31551,387328,3.682
fsQD85uD8nM,howto,4,1.24,17977,47313,1.058
fvv6TnuvT3g,education,4,3.07,958,18330,5.616
fwLxwMKMjEQ,entertainment,8,1.75,101259,1060807,1.56
fy5hua8oEVQ,film,5,1.86,23225,134146,1.483
fyRwjMZFeJ4,science_tech,5,32.43,36502,90179,0.518
fyjt5zpNAeg,news,5,4.25,89487,731180,2.245
fzmM0AB60QQ,entertainment,13,1.4,742707,2929814,2.209
g-F3A9n9BLg,people_blogs,6,2.74,271832,1536897,1.629
g0K5QoEj7FQ,entertainment,5,1.06,31365,55910,0.685
g0xVbwXs9jo,howto,5,1.89,66941,372894,1.772
g30Rhk82rmg,film,12,3.17,229142,3617347,4.258
g4Hbz2jLxvQ,entertainment,7,1.46,5112669,22713067,2.205
g5CNiarSdbU,film,6,1.15,169166,355961,1.311
g8GJV08_pRU,entertainment,4,2.99,13063,121445,1.596
gA-NDZb29I4,music,4,0.79,5271892,14409910,2.118
gAcvbGuqG0Q,music,8,1.67,100312,407199,2.541
gDPr8Na24QU,entertainment,5,3.29,287396,3944791,4542.261
gDXwhHm4GhM,film,16,1.33,869715,4421781,4.57
gG_XI2jXMKs,entertainment,5,1.95,96394,309319,1.139
gHZ1Qz0KiKM,science_tech,6,1.2,639818,1038365,1.404
gImQUUb8cU4,people_blogs,4,1.06,88189,207308,0.857
gNG0GiSrwas,entertainment,4,1.39,194048,596467,1.734
gNvNMWiMxUE,comedy,7,1.98,112595,1175192,2.398
gO7gWDnzV8g,entertainment,4,3.21,5627,53833,2.138
gR0pSSISaVk,sports,9,1.87,770333,7036179,4.265
gS1DbvHHVH0,science_tech,14,1.4,192580,1635301,2.257
gTF8KYoJkMM,education,5,1.33,44618,227384,1.281
gTRRvvE3HiU,people_blogs,5,2.12,72131,507753,1.416
gaJMEgf31c4,people_blogs,5,1.33,297775,1156041,1.177
gau41b7_Hqs,news,8,3.0,37446,280009,1.576
geeTiovdXLQ,education,6,1.42,104378,448585,1.828
gehzrQiwUyM,howto,6,1.05,114558,295189,1.739
gfmXCAwBkCE,entertainment,4,1.54,96034,331981,1.852
ggpoZyF2lU0,entertainment,6,1.35,195381,711576,1.688
ghMEmxP0hgw,comedy,12,2.01,194907,2592896,4.243
giiIq7t4oMQ,entertainment,13,2.28,106803,783414,3.853
gkvhlo4a5iQ,education,5,2.35,113681,685944,1.212
glHNu91zUdA,autos,6,3.37,16192,186453,1.533
gmfH2LBCdaY,comedy,7,3.2,7462,184312,5.521
gmgI-B5pKzs,news,5,1.38,7194,12847,0.849
gmp6AGFPhzY,entertainment,10,3.38,129814,1820485,12.498
goIXAFdlcUw,howto,14,1.33,295541,2087376,3.59
gs-iqvX6pOA,howto,14,1.98,230171,1691844,7.495
gsVgqms1slE,music,5,1.67,92479,299897,2.035
gvZW4Lh-8Mc,film,5,3.38,16046,106731,
gvuvxLzUB-w,news,6,1.37,108236,213764,0.714
gw82GrEt370,entertainment,5,2.01,537688,2032507,1.254
gwrfwx1QcDQ,howto,5,2.12,267495,2127874,2.108
gy_aLyB41wQ,science_tech,5,2.04,135601,979466,2.185
h-h5Mhlt6O0,science_tech,5,1.41,335344,1845803,1.381
h-nmLbZorLE,travel,4,2.22,7395,172551,2.662
h-w7QZo0XSc,film,17,1.08,497086,1242160,3.411
h22kNL89csk,education,5,2820.17,177,49407,1.632
h33u2eeVqXo,entertainment,6,1.85,278683,816594,0.935
h3umdwK-oPs,entertainment,24,3.33,52383,1390895,23.231
h4kv0iKgiks,sports,4,1.78,1935,16590,1.595
h5CLO2n6OxQ,entertainment,4,2.42,106794,1678782,1.67
h7j9jbe_pEs,howto,7,1.32,48874,150990,1.362
h8Q3IhUwX_4,howto,4,2.26,168774,810921,1.099
h8hMvvP_Bdo,people_blogs,5,2.21,195420,1122148,1.315
h8ycmroFQSs,science_tech,7,4.34,14073,241661,2.738
h9O-JH4DtiQ,science_tech,5,1.07,84050,303274,0.664
hA8lElh7LFg,comedy,6,1.25,573979,1898228,1.249
hB07EJhMBRs,science_tech,13,3.17,52926,576742,5.072
hBvcngHRTFg,entertainment,5,2.46,484264,1666296,1.59
hDEc4ImIVHk,news,12,2.2,229266,906941,1.634
hDYPVhwULCc,comedy,10,1.94,72968,312793,2.025
hEnWzvzVMaA,entertainment,12,4.12,417281,5090402,4.063
hFay0SVFxVI,entertainment,9,2.46,61330,396857,2.437
hGoQ44SfV-c,howto,6,1.5,167646,714359,2.114
hHFuZVGpBC0,science_tech,11,3.38,84400,704492,3.212
hHaUQh6Gx-Q,music,19,4.5,55259,2653229,
hIyqLdKBAlc,people_blogs,4,2.08,125035,1877905,4.175
hKqzBGE5w-0,entertainment,4,2.81,1814,75312,
hLgIghY-FGc,pets,6,2.7,54202,818533,
hN8mNXa3ICo,howto,5,5.29,49716,1162672,3.845
hNsd-m30m2E,entertainment,4,2.1,113234,734851,4.727
hQA0oWZpgAQ,entertainment,13,1.17,231475,739852,3.471
hQW_9ws8OhA,comedy,18,2.3,351202,3920987,4.871
hRAGY4BaFQs,entertainment,6,1.16,102744,198195,0.763
hRnVb4z6Hw0,sports,5,1.38,108224,754817,0.78
hSvnepZS26s,entertainment,5,1.35,345946,1396551,1.754
hV-yHbbrKRA,education,13,1.11,172805,519220,2.01
hXcoq5XDwyA,gaming,4,2.08,8381,71610,1.19
hXzcIoq2ing,autos,5,2.23,156225,633103,0.962
hYip_Vuv8J0,science_tech,6,1.29,33271,159322,3.015
hYirFqEc8Tg,sports,10,5.09,458989,15261429,6.168
hZJDAJDD-uw,entertainment,6,1.38,31685,142548,81.512
hZr1u-zzejU,people_blogs,7,2.12,261076,1108807,2.427
h_67XloYXTc,entertainment,6,1.42,589498,2303558,1.792
h_O8ZvB3uEk,comedy,10,8.2,314272,8806173,6.904
h_cfN1t3flE,howto,8,2.02,117254,819649,1.975
hahlygBa6yQ,entertainment,11,2.37,30375,244228,2.936
hbcH02YynOA,howto,11,2.08,41599,431052,2.072
hdoLeKGoSjw,comedy,8,2.3,113867,1268349,2.468
hhiD-TKYqHk,sports,12,2.03,70522,573567,2.057
hiBPUpCJ7MQ,entertainment,22,3.61,300297,3793527,4.498
hiGqKwy4yM0,music,5,1.55,44582,210114,2.892
hivGryRKGvk,autos,4,3.67,22246,378901,2.579
hlGm5tse8ek,news,4,1.21,69421,201015,0.713
hlb3gGNBHFE,people_blogs,13,1.95,80092,643097,2.019
hlrvK4xnLKA,howto,8,1.35,45709,168909,2.216
hmkSBiZ6XoQ,entertainment,11,2.25,144764,1676887,2.289
hms9nX3RUdk,people_blogs,4,1.25,22001,71715,0.911
holkOJx-TOU,entertainment,11,2.17,62433,700692,9.541
hpapqEeb36k,howto,6,1.38,289265,909177,1.369
hphLiGW6FgE,entertainment,5,1.25,7407,31319,2.292
hpsugpjc3dE,pets,11,3.47,461455,2126462,3.047
htBvEmGPhAc,pets,8,1.33,188189,458649,1.247
htWO0--MbQg,sports,6,1.35,935870,2300863,1.364
htmLGVUqIos,pets,9,2.04,49328,258850,2.928
hu_4yAZVNsU,entertainment,6,1.45,440464,2028315,2.029
hv3jeGUv9fY,science_tech,11,7.16,103952,1722483,4.281
hwQSOGrBYcI,news,8,2.14,47960,401330,1.203
hwjdXBxeWsc,entertainment,15,3.2,57442,1214600,4.694
hz7ukDjuq4w,entertainment,4,2.01,45801,147851,0.99
hzTORk64aXg,music,4,4.25,79253,809063,3.097
i04pYZGDHIc,howto,14,1.33,199239,888717,3.697
i0p1bmr0EmE,music,13,5.63,3380512,69295519,17.925
i0pmuBLUvmw,comedy,4,2.42,14559,154731,35.725
i1AHCaokqhg,gaming,5,1.65,245406,834208,2.026
i2ZHwnKVXK0,comedy,6,1.25,64737,172205,1.707
i47zrx24dpY,entertainment,6,2.42,47913,363488,1.897
i5qOzqD9Rms,film,17,1.5,3849664,23893991,3.373
i7FgneNlM14,sports,4,3.82,281335,1413550,0.773
i8qukld8Z18,comedy,5,1.29,301512,1354670,1.615
i9-0BJ4CJvM,news,5,3.94,120,1949,2.419
i9EyFghIt5o,education,4,2.08,12072,141741,1.353
i9GSF3ROa58,music,4,1.79,600127,2275359,3.141
iA5u80nS1PQ,comedy,5,2.16,236046,1339398,1.319
iASe_veKR74,music,4,2.42,32534,239773,6.324
iBy6XRHPODQ,entertainment,5,1.38,230626,976530,2.28
iC7wWFQUUqU,music,11,3.83,146066,1883291,
iD8K3pNhf-U,music,11,1.79,96486,635714,7.824
iDN7xlv3xxM,entertainment,6,4.24,13243,479182,3.956
iDbdXTMnOmE,education,6,1.33,224206,690478,1.684
iGCdvqVbIa0,entertainment,6,3.42,53170,996065,1.691
iGD4bBgWPcY,music,8,1.42,128405,534570,2.103
iGXYZwZEZa0,howto,6,1.48,835708,3016262,5.131
iHcfeuGYuzU,sports,5,1.13,86586,180184,0.81
iILJvqrAQ_w,music,26,1.83,594448,10565823,21.788
iIxy3JN3-jc,news,5,1.35,56206,87403,0.596
iJPjFddLOxo,education,5,1.16,174279,510268,0.934
iJz5jURaEBc,howto,12,2.29,67526,650564,3.093
iLZSB-5Dyf8,entertainment,6,1.08,286662,688577,1.457
iMg9ibfcBnM,entertainment,6,1.42,51984,197963,1.142
iN8zmmCRqUA,people_blogs,5,1.37,2526998,8403143,1.309
iOVg62_DUYU,science_tech,7,5.61,21222,630287,31.869
iQp1_GfDhwQ,music,17,3.6,179041,8337774,
iSt_jbT6rak,comedy,13,3.29,179255,1973349,6.856
iWZmdoY1aTE,music,15,1.64,5710791,51747671,12.382
iWeNDPTYAZw,sports,15,1.96,144251,1414271,2.74
iWyQqwNAMdA,news,5,1.91,1285,10579,1.169
iXFApdQKYnc,entertainment,5,3.4,39828,208228,0.841
iXcqpJQD5II,howto,5,1.86,96101,527683,1.355
iXfHlch1Lso,howto,10,5.37,25550,410909,8.996
iYGq_qc-hWY,entertainment,8,1.29,75833,258521,2.46
iZUfPIKbgUM,entertainment,14,1.41,176853,983181,3.432
iZpxzfMkVzM,travel,10,0.96,154503,458830,3.887
i_nLsG_asQg,music,13,1.42,348692,3770674,
iatq3Rn4vsg,entertainment,7,1.46,74261,364914,3.909
ic1kMoM_kPw,news,4,1.46,98258,244014,0.811
idD1C2-ISlo,music,6,1.79,136795,912815,
ieRXuTkbWEw,education,4,3.42,28582,484353,1.647
ife5Zij94_E,music,7,6.83,45949,364986,5.75
ifkRhaEDzzo,entertainment,4,2.29,40458,508710,1.042
igczJLuaelg,gaming,8,2.24,536468,4610501,3.092
ii-Qj5-jsdg,howto,6,1.67,133146,625574,3.112
ii3n7hYQOl4,entertainment,4,3.22,975381,8977497,3.098
ijUK3z5rt5s,comedy,6,1.73,634804,2242992,1.668
ijwHj2HaOT0,science_tech,9,2.26,122034,567037,2.024
ikZQLvKZYMA,howto,4,5.28,14118,59285,1.58
ill2cgCyTUc,people_blogs,6,2.04,323511,2020895,2.178
in5TfQfUIBY,entertainment,11,2.77,32102,474495,4.175
inFGj1IyIwk,sports,5,1.67,74793,376858,1.177
inZzcTXYowY,music,5,1.33,752807,3765264,5.626
ir0G79oHXMc,music,13,1.8,461508,2060702,3.059
irHqI9fUc4I,comedy,11,2.91,51304,582693,2.274
isI6DqxAr7s,music,6,1.25,195912,558394,1.75
iuBPpEkUi8I,people_blogs,5,2.11,145215,473593,0.677
iveV0Q77gvU,entertainment,6,1.32,43881,188949,2.089
ixMqVcjsSVM,howto,4,2.06,12818,123174,1.956
ixxR3ZoqnF0,music,5,1.37,1674784,7475081,1.85
iz4bGGhf9Xc,howto,10,4.16,69169,1208627,2.771
izwomieBwG0,education,6,2.08,43788,462063,2.714
j1f04Jg7IaA,howto,10,2.07,76964,632051,4.239
j1v2A5pyGlY,comedy,6,1.82,286234,1902745,2.062
j4KvrAUjn6c,entertainment,28,1.25,1775025,10381263,8.598
j6X6PhexHnE,comedy,7,1.86,138162,649785,1.304
j7I-d1B6HwE,entertainment,4,1.77,14580,139186,0.924
j8rtMlDTJes,entertainment,6,4.27,92785,1042283,2.276
jC4NNUYIIdM,education,11,3.07,98997,1180077,3.405
jCb-WcxO5SU,comedy,9,1.42,499557,1918478,1.64
jD83QaWy8LI,film,16,1.19,1828862,5456838,2.847
jDC_QZAFxKI,howto,6,1.33,13665,87620,6.993
jG1JY0rt2Os,music,6,1.79,625826,3821846,6.024
jGiqc3HSxEg,education,4,2.35,26213,260902,1.857
jGl-6an8fz8,news,11,1.34,292930,923602,1.692
jH2t4Tcl3Pg,music,7,1.32,207462,840651,2.113
jHZTzXteoU8,howto,11,1.27,176426,655002,2.166
jHvSF0njyvc,news,4,2.94,17537,123828,1.132
jLCHpZ6B1gU,music,6,1.79,277527,1713021,
jLM2ibaRbrk,entertainment,5,1.74,674380,4110136,1.826
jLZuaFZWa7A,sports,5,2.15,98339,746691,0.797
jPkRGHivRD8,howto,5,2.96,4728,90923,2.447
jQS_kpH9xfA,music,10,4.5,56592,871184,3.024
jRq7HXR17gI,education,9,2.42,51526,630945,2.254
jS9q7Tu_G0o,howto,7,2.98,47883,1115398,3.817
jSQj4lq8ZEg,news,6,1.07,13002,19422,0.93
jSh3FFKFH_g,music,5,1.79,45173,271277,4.396
jTW5_KvkGoE,music,11,1.15,151523,520319,2.279
jTap34G5TFU,people_blogs,8,1.23,37370,79262,1.278
jVNepCaqJok,people_blogs,5,1.91,124525,263061,0.679
jVlfNd3fxMY,entertainment,12,2.1,50757,506035,2.83
jWkOwC7vMb4,film,6,2.1,149166,1004181,2.115
jYnEHDHp32E,sports,7,1.93,32344,222862,1.292
jYuQzAxBVZU,entertainment,7,5.4,52378,878522,2.972
jZoHuMwZwTk,entertainment,12,3.99,60140,688127,7.813
je_0dC12gOs,sports,9,2.12,88158,483048,2.056
jehMXPadHS0,entertainment,5,2.29,65169,464076,5.952
jgvQzWAhoiw,howto,5,1.25,255361,811577,1.173
jhEBBGOD7es,sports,9,1.46,646764,2927970,3.309
jiZfc0b2t3Q,sports,14,4.05,35596,782123,10.62
jjNf6SolPvU,entertainment,6,1.87,411534,1963752,2.782
jjRXuZkeGRA,entertainment,5,1.75,31813,77850,1.029
jlmNwjdYVnk,music,9,8.23,308585,2051675,3.821
jn9mHzXJIV0,science_tech,5,1.1,472373,1181190,0.959
jpH-8HiMCRI,howto,15,2.37,57691,404986,4.542
jsnyz__pc5M,music,8,1.32,110282,449565,2.289
ju_inUnrLc4,music,25,2.71,1000733,23502572,19.119
jwkNAJBwoEA,comedy,7,1.29,582566,2524775,2.152
jwlW1-vVBjQ,howto,12,2.96,55937,285462,2.423
jxWJLs7_doc,people_blogs,18,1.99,416089,3464680,4.47
jyNFL5t2A-U,news,4,1.21,143366,250056,0.498
jyUNW5p8Yno,science_tech,5,1.77,26007,264153,1.536
jzIE_oKG9PU,entertainment,4,1.75,660233,2712798,1.507
jzLlsbdrwQk,people_blogs,14,1.37,1421495,5613561,2.463
jziRzx_rejw,news,8,1.96,299491,951271,1.684
k-qUBZWor4I,sports,5,1.98,1090,13016,1.351
k1cA-Wh3Tc0,science_tech,6,2.0,113026,930403,1.739
k2NskGo6x40,entertainment,5,1.33,2492077,6062089,1.068
k3uh0MJeypI,comedy,7,7.1,34347,1669402,6.278
k4rpunDMC0s,entertainment,5,1.36,21829,54990,2.06
k5TqNsr6YuQ,music,6,1.79,2262217,8335017,3.284
kCg5D8KMqk4,howto,13,1.04,370914,1006188,2.091
kD-_iyS95AQ,comedy,11,1.83,731258,5386126,2.262
kD06SQtfA5s,science_tech,12,2.33,65901,1323176,
kDRRvz4y7ms,sports,5,6.84,4259,332511,3.578
kDiJh8loTOE,science_tech,5,2.12,19233,207272,2.412
kFMZUxX6K6o,music,13,1.83,1862924,17045761,9.244
kFSm6gany_Q,entertainment,6,1.7,403498,1708199,1.553
kG41zm8HGSE,entertainment,6,1.46,126258,500395,1.661
kIHhVkkHV2k,howto,10,1.65,76571,347257,1.751
kJ18whKduFo,education,5,2.07,5811,48033,1.901
kJzSzGbfc0k,education,15,2.23,218445,1769799,5.0
kKFNThEiilU,people_blogs,7,1.9,34566,163043,4.254
kKMNo0QvDrM,comedy,5,2.42,4242,80935,2.652
kNg_RFDYpTw,howto,10,4.29,40887,410257,2.542
kOCkne-Bku4,music,4,1.79,151338,795683,
kOsl3cmK3zg,entertainment,13,1.29,117435,453506,3.67
kQQZ2hje42E,howto,4,12.98,13088,60697,3.643
kSuaykdvl4I,entertainment,7,1.37,410506,1604545,3.001
kTlv5_Bs8aw,music,6,1.62,6620078,36857298,5.265
kUZlz6VbMCg,news,5,1.26,496901,5625319,1.083
kUosDBUjq5A,travel,15,1.27,439603,1346643,3.016
kVVtBDaY8i4,film,7,5.14,9900,129207,11.704
kWku5rgaJWM,film,6,1.38,386745,1526404,0.821
kX0vO4vlJuU,music,9,1.37,2690092,17624672,4.914
kZLBVi_0ENU,music,4,2.59,46586,317779,
kZYKnREz9Vo,science_tech,9,3.03,24727,427822,2.683
kavxsXhzD48,entertainment,6,1.37,89098,437193,1.908
kbaMeEcdDfM,sports,4,1.84,116623,778479,2.033
kce7M5FJ5GM,comedy,8,1.23,112114,343756,1.529
kce9FMxx-04,entertainment,9,1.23,640933,1461207,1.583
keD0IJP4Dtw,music,5,1.25,66537,162864,1.265
kewIE0Zw6yY,entertainment,9,1.23,1587432,6183923,2.4
kfOeQj7HsCE,entertainment,5,1.39,328465,1108183,1.153
kfPNxNIDHrA,news,6,1.46,264546,1030347,1.242
khPLWaBioOs,entertainment,6,2.1,2278562,18938867,17.571
kiE71P138rc,sports,5,1.35,720764,6427726,1.384
kjC1zmZo30U,entertainment,15,1.46,2335903,5224737,2.026
kjbimjCQYdY,entertainment,8,1.04,162193,351717,1.803
kl39KHS07Xc,education,6,1.41,466831,1882972,1.443
kl_jxVID3PE,music,5,5.23,12275,321857,47.198
km5FAAQLUT8,gaming,6,5.01,17498,769382,29.918
kqp6RnQHKR4,entertainment,14,2.3,182744,1019330,2.574
kton-qrKNLc,music,14,1.46,1581143,19998243,
kwvbLx9M6-s,people_blogs,9,1.3,86451,298314,3.192
kxMC7g_sKjw,comedy,10,1.88,901965,3786691,1.803
kxkrdLI6e6M,entertainment,8,3.07,51089,659212,5.605
kz1xzBYppW8,news,4,3.66,82177,1364148,1.538
kz3MEd1Jr0Q,music,7,1.37,332104,1888088,17.305
kzFHjyysXr0,comedy,4,2.01,156006,1310346,1.558
kzk4SId9Ab0,howto,4,1.33,192633,774092,0.939
l0jGg-MUd-U,people_blogs,7,3.12,20758,350202,2.976
l2P2qbr-_Ps,entertainment,5,1.46,622895,3103985,3.277
l3f_1zEEnR0,comedy,4,2.12,29380,345869,4.558
l3vbvF8bQfI,music,6,1.79,355642,1912665,3.79
l4bAoNAx2uo,education,5,2.28,167787,877102,4.638
l4zbAjDVrns,comedy,5,1.15,896315,2443384,1.191
l5S5DM564O8,sports,5,1.23,10655,36929,1.235
l7ib9Mmkt4Y,comedy,7,1.29,590247,2679373,1.948
l884wKofd54,music,22,3.71,1678433,21980138,12.235
l992Loe-qVc,howto,4,2.0,11582,78175,0.957
l9jZFwwZQJs,comedy,6,2.27,484060,3780194,4.874
lARpY0nIQx0,science_tech,6,2.15,51064,620687,2.146
lAaSh9DogM8,entertainment,15,2.01,31853,260697,3.372
lBbSzQXQknw,entertainment,10,1.12,1370474,4678751,1.486
lCT0OaVqIQE,news,4,2.9,176,1464,0.675
lCuewNV_KyQ,entertainment,12,2.36,47723,401423,2.824
lD1mPectYOM,entertainment,15,7.29,127372,741548,3.701
lE0eWRdSrY4,news,7,3.38,24082,689597,1.757
lEltmPagx6M,entertainment,12,2.21,81645,846124,4.063
lG8fWx982Qs,science_tech,10,2.08,106072,765096,2.342
lGEY8IulWiA,film,8,2.12,889847,7999926,3.566
lHNmUUi6LzM,comedy,5,1.62,84407,396832,1.007
lHxZlnj6yKQ,music,5,2.82,82605,577937,5.491
lJM8qqEy35c,news,7,0.92,74112,225463,0.911
lJmDmfQOWVw,people_blogs,6,1.71,28812,139884,1.267
lM0yu7c6lQk,shows,10,1.95,24321,179723,2.449
lOz7cPJQd8E,people_blogs,12,1.49,260924,857855,1.651
lQ9EpoaNQRc,news,5,1.32,10617,49017,109.984
lQkc0DcS7O4,sports,4,2.16,158519,1108366,1.17
lRkTgVynmbM,comedy,10,4.37,191368,3148434,11.811
lRlVPAeZTzc,entertainment,4,3.46,35222,308787,1.929
lRlp6e2Bam8,people_blogs,9,1.97,60181,299365,0.926
lSXxEdaOqgU,music,4,1.76,49242,286299,1.331
lSaGEo3UfBk,entertainment,4,3.92,486284,2839406,
lUZPV3gGXgY,entertainment,4,2.34,133963,2203618,1.842
lV3eV9w0h0U,howto,6,1.07,273949,937914,1.094
lVudO9x8fbQ,music,7,1.41,560315,1954026,1.622
lWDWVDu01P0,science_tech,6,1.51,97458,286574,4.191
lWHZKP6xXHU,film,11,1.2,299733,1536968,3.177
lWyRTOABEq4,entertainment,8,2.12,86473,438129,1.52
lYEj9snU838,news,6,1.46,629717,1363711,1.216
lYtllIKb70M,entertainment,7,2.33,19408,94373,1.751
lZ68j2J_GOM,comedy,6,1.39,96913,152001,1.165
l_eR85kmWbY,science_tech,8,2.0,21968,78528,1.304
l_lblj8Cq0o,music,12,2.17,2678881,45938392,
lbFzL-0pEeU,howto,4,3.87,282929,1908094,25.766
lcpxLXjYAa8,news,11,1.4,72901,285483,1.367
ldMaZ_7FNDY,howto,5,2.02,97770,719340,1.89
ldmDBJRARB4,comedy,4,1.8,583206,2047272,0.961
leFNoUJmJ9o,people_blogs,5,1.95,2375,26940,2.671
leHtDz4Mj0M,music,4,2.25,5595,93591,4.297
lfIhBu0TZBs,people_blogs,6,1.38,813803,2480934,1.242
lfkYyrhWphE,music,7,1.26,535610,2230715,3.173
lgBn6qzMlXw,entertainment,14,2.12,449645,3326832,3.369
li5fmOV33hE,sports,7,1.73,23464,100291,2.985
li6f_0x0IGE,howto,4,2.29,36896,657043,2.789
ljEjBIZ2qCQ,people_blogs,7,1.19,87872,329129,2.023
lk8lozFBXpo,comedy,5,2.29,190452,1996355,3.996
lklTc_DTE8Q,howto,5,1.85,91950,595836,1.702
loWpbevW9xg,entertainment,6,4.33,52618,702374,2.237
lpFEpDPf490,people_blogs,8,4.6,14673,435462,2.839
lpkRFHSpvGI,entertainment,5,1.75,1157872,5398142,1.085
lrWRy9BBp-c,entertainment,5,2.08,623099,3748683,7.766
lsyXtbi9znw,entertainment,4,1.92,263313,1001742,1.433
ltzy5vRmN8Q,entertainment,7,1.41,1760326,4003530,1.238
lw_KFCgcvA4,howto,4,2.29,5239,65631,1.809
lxSWRdgD4Ho,entertainment,6,2.2,4790,47701,1.488
lzEctvL0vrg,education,4,2.41,35661,244518,1.647
lzZadh-D8Tk,entertainment,4,1.38,234936,416772,0.888
lzuWvKn80V8,comedy,5,1.29,66311,267038,1.624
m-Tp8-CAxPI,science_tech,5,1.97,3527,37144,2.301
m0AZ5LKlGyk,people_blogs,4,3.93,348447,1791693,2.096
m1-rpd3S-48,music,14,1.42,1056331,6804554,7.207
m4-sL1r9i1I,music,8,1.79,355521,1581379,2.255
m4faDISwSVo,film,9,2.02,1298223,5107601,1.408
m7CtnR47w20,science_tech,5,1.28,73503,311117,1.022
m7Ege1M5Pag,education,5,3.42,155282,1156807,2.082
m7b8hitvfoE,music,11,4.0,127473,1136277,4.692
m7lFyINZlBs,entertainment,10,4.96,48763,1240985,3.706
m8Dqg8iz5Fo,howto,13,1.99,90117,890803,4.213
m9sR3Z0vVOc,entertainment,16,2.24,304241,2688144,3.205
mA4NVRV1FGU,howto,4,2.56,24978,216179,1.695
mB2UTIkgY1I,news,5,1.8,9989,61309,0.967
mB7hkJ33044,sports,9,1.81,349879,2283685,0.948
mBMxFIEub34,entertainment,8,3.21,85606,479587,2.472
mBbY2axJcWw,people_blogs,4,3.68,14252,241832,1.249
mBrdEYW0Vno,music,4,1.24,1019249,3976296,9.019
mD4jp2HHu0g,film,13,6.25,84220,3948004,8.302
mDRifR9HdK8,pets,8,1.42,238789,834551,1.23
mE9oqeXj4WY,people_blogs,4,3.02,224788,1381198,1.35
mEtJAblVxxU,entertainment,6,1.17,366623,922301,2.452
mG9kK9TgxkQ,entertainment,4,2.24,14930,65197,1.042
mGAdg2lB6nQ,music,4,3.24,16121,131240,4.339
mHbWgIy3wmo,entertainment,18,1.34,232333,1009538,3.345
mHd8Ug4ljN4,entertainment,10,5.42,64769,735189,8.101
mIxlvVlOIS0,music,5,1.45,243569,1352763,3.963
mKpW_rj0tuI,howto,6,2.17,31905,246944,2.122
mLuzmXLORSg,comedy,9,3.22,39924,260580,1.33
mMJVmCSuxxo,howto,7,6.08,7220,285213,3.624
mMtjGYdJOps,people_blogs,13,2.01,426371,3087952,3.601
mMzKvVtrC6U,entertainment,11,1.5,127723,1294681,9.726
mN-rI2I0HaQ,howto,6,1.04,56768,184982,2.35
mN4JWnTOSmg,people_blogs,4,4.15,5084,27571,2.689
mNKwe9k55fs,film,9,9.21,34612,1372300,3.828
mNj27CgDAhQ,entertainment,5,1.89,73553,456543,1.798
mQ055hHdxbE,music,20,1.43,1188923,5948415,12.172
mQ8sFRuDyiU,entertainment,4,2.33,28297,100896,2.2
mSVkk9lLv1Y,comedy,5,2.17,115986,1037921,1.525
mSgDg1oiOCs,entertainment,5,1.17,14638,56894,1.469
mTHLyCqtLJE,howto,5,1.07,413657,1099145,1.399
mUSv8b-V5I4,autos,5,2.29,119232,1279582,4.373
mUYsp5baMXo,music,4,1.71,337486,5517903,
mXJ7wX6CVDk,entertainment,6,1.46,72480,292715,1.396
mXiFHDfvn4A,people_blogs,8,1.66,529381,2604392,2.675
mZ2qbwvAVjs,people_blogs,10,1.24,92956,178717,1.581
maAa7J3iEM8,entertainment,8,2.37,168845,1166324,2.247
mbAPZq5HFAE,people_blogs,5,1.18,116828,292375,0.89
mcqWcLDUeag,entertainment,5,1.57,21045,153341,0.827
mcsTWPSMDtg,people_blogs,8,1.33,324810,2226074,4.771
md0K_eRSHAE,science_tech,6,2.65,118132,472575,1.533
mdTv3V4ALzg,howto,19,7.33,16890,602362,17.047
mdWcaWBxxcY,entertainment,25,4.61,716485,21888660,22.07
mddRihBrWOk,comedy,7,3.23,206404,5122352,26.124
me5ifeBFaFo,entertainment,7,1.19,1391755,5952094,4.93
mebZJFd8_Vw,gaming,5,2.25,45939,543491,1.356
melV2fR6-T0,howto,5,1.64,131017,622235,1.873
mhog9LEMCDY,entertainment,13,3.07,139608,1537417,19.924
mi3Uq16_YQg,science_tech,5,2.33,83985,292087,0.938
mkpINSUnDpA,entertainment,5,2.25,377107,2426345,4.449
mlJGtSg5oRw,people_blogs,13,2.19,124465,1553598,3.807
mmP1aHJjJ-U,entertainment,18,3.33,40387,460011,4.777
mnT4MDdEazs,entertainment,8,2.42,84476,1180413,4.394
mniFYSyH7HE,entertainment,7,1.42,58202,356012,2.801
moc_dHHp4LQ,pets,5,2.5,95780,876890,2.517
mrORbZ2dS08,music,6,1.37,131723,556347,3.884
mrSUROagyDc,news,5,1.21,299395,624237,0.524
ms7t4CnjW1k,people_blogs,6,2.33,14251,64294,1.351
msfPaXGuSbo,film,7,1.52,68733,246835,0.865
mto2mNFbrps,film,7,3.02,310123,1603502,2.275
muAPJiMho2Y,autos,5,3.33,779061,3044139,1.796
mwgUesU1pz4,film,13,2.46,121712,954635,2.326
mwiKZ4qmRnQ,howto,7,1.92,27510,268077,1.888
n-DTjpde9-0,entertainment,10,2.1,818925,4265963,1.982
n-H6zIeMiUs,education,13,1.37,325754,1563582,3.223
n-To9W4AA2k,howto,5,1.83,137929,617910,1.34
n08glcqdMRY,comedy,5,1.02,52368,155701,1.306
n0j_CX1S2es,sports,9,1.42,899567,4307697,10.312
n1PrGpIekYY,music,5,2.29,86584,762583,0.521
n1WpP7iowLc,music,4,4.29,3380886,26448434,3.613
n2wIqXBz4os,entertainment,4,2.38,196792,1964287,7.576
n4GynhABYdU,howto,5,1.31,58115,194689,1.363
n5IdKE3rhII,howto,13,4.25,37031,329873,3.719
n5LoVcVsiSQ,entertainment,9,2.33,1569799,8837197,1.612
n9JVbbRBqfY,travel,13,1.91,168584,1646051,3.627
nCMGU846iTI,howto,8,1.29,131198,448169,1.843
nCwHHLfxA7g,comedy,7,2.01,190603,2387617,2.057
nDoQqQUa9C8,pets,5,1.46,311613,904555,1.091
nFpEuUY-zQ0,people_blogs,8,1.77,613305,1721076,1.406
nGv8FK28g4s,howto,5,1.12,171702,402509,0.912
nHaBEgkMQVw,howto,9,1.07,121725,492089,3.581
nIne06IQd_U,howto,4,2.22,18053,140011,0.901
nLXCutcsoKQ,entertainment,14,1.87,192877,1071030,1.475
nMbUA7dghlk,people_blogs,6,2.25,118148,1705668,2.049
nNZrc_XvF30,music,21,2.5,216039,2058483,7.905
nQtcl7kCkzg,sports,5,3.86,35677,409118,2.089
nQySbNGu4g0,music,17,1.54,1519928,11381059,5.574
nRJuIrO9GaU,comedy,5,1.58,421239,1176559,3.173
nRafaCcfrcI,entertainment,4,1.46,1780706,6197393,1.151
nRc0kmOYgzQ,entertainment,25,3.52,239459,4867664,10.326
nSbzyEJ8X9E,entertainment,6,1.33,1265613,4570970,1.18
nT39kZDAx_s,entertainment,10,3.37,13087,219948,4.256
nUDX6OCXEyc,pets,5,2.05,51021,298322,2.143
nVrkQyLS4oE,entertainment,7,1.17,120969,399330,1.987
nWZMfPP34g8,pets,7,1.5,916689,6187457,1.886
nWzHaRM8jeo,film,8,3.46,63750,669004,3.563
nZI-zkjhtyg,howto,11,3.04,56916,774012,4.355
nZM9Ko806Bg,science_tech,11,1.42,91532,448413,2.247
n_S8d_1KVhU,gaming,4,4.23,1175,51588,2.4
n_W54baizX8,music,24,3.42,1768513,41803845,9.089
naOKPDCngMI,pets,5,4.04,2541,46054,2.157
nc99ccSXST0,science_tech,5,2.09,281586,1251577,1.316
nd4cLL_MP7M,entertainment,18,2.49,1270970,4585405,3.479
ndb7Ez9m2YM,entertainment,12,5.21,79519,602180,5.723
nfbwPTsowEA,entertainment,7,2.08,134699,816073,2.307
nfuXbnmdpRE,people_blogs,4,2.37,826922,4551374,1.275
njivNmUuFZs,howto,5,2.42,8235,53006,1.491
nk-_RJcWd4M,pets,4,3.99,20652,436505,2.247
nk3a7zq84Co,howto,4,2.38,33010,444370,3.627
nkXGohB02V0,pets,4,1.46,308518,1113089,1.402
nkcy2nyPFDE,people_blogs,6,5.75,1269,183242,
nlIE1I6DxjI,music,5,1.76,37990,196571,5.839
nn8YGPZdCvA,education,10,1.33,241166,739499,2.19
noUH5aYUBx4,comedy,4,1.92,411289,2654222,1.825
nqP1x8VxrTU,howto,8,2.09,1069255,3372271,1.632
nr5Pj6GQL2o,science_tech,9,5.41,114111,1780209,2.169
nranUeNkXpM,comedy,9,1.24,1246133,3999438,1.993
nsZvmFUXkrI,comedy,10,1.33,1799060,6388743,3.303
nsjPEcRq_0c,entertainment,4,2.11,315180,1317400,0.968
nt00QzKuNVY,science_tech,13,2.61,745946,3916992,2.801
nt7b-Qp34hk,comedy,5,4.29,15383,166137,1.684
nx1R-eHSkfM,music,7,1.42,1026855,3511909,1.468
nxWt9wDOr_0,news,7,2.07,79952,299644,2.113
nzNGEB1BQuM,howto,10,2.29,79967,871997,2.706
nzO5ViO_y8Y,science_tech,6,3.99,1112,143706,
nzPcwk6O1Ks,entertainment,6,2.68,43629,322783,1.816
o-BODsf2T68,music,9,1.83,292873,2653797,11.022
o21-6NnDmzY,entertainment,6,1.39,62879,130626,1.046
o3T_o4WM-n8,comedy,7,3.04,42288,626684,4.107
o3_jM-Ccb9g,howto,7,2.06,26948,139263,2.319
o495cZqcvAQ,news,6,2.2,9655,119784,1.574
o4fHlldbRHo,comedy,5,2.12,16288,132189,9.621
o6XERmXsP-U,entertainment,4,2.17,112502,645247,3.71
o7OwzKm8aa0,comedy,5,1.23,99548,302703,1.001
o7iL2KzDh38,music,6,1.79,928932,6262956,28.377
o9zRQijCN5w,music,6,1.79,120146,736520,23.564
oBVr0nUC5AA,music,4,1.3,7130,24491,0.699
oCAbvclXL6I,entertainment,11,2.0,45471,194283,1.702
oCXvPWJClJg,music,5,1.77,572797,2920589,1.428
oD9XpUKD7y4,science_tech,5,2.08,101059,983147,3.477
oDYoV8-9v10,education,5,2.3,278917,1270778,2.061
oFfMN6lPnlA,entertainment,7,1.4,447984,1896045,3.931
oFqHvacY9Kk,music,5,1.11,24074,71452,1.24
oGmIFXfgPM4,science_tech,4,3.04,241518,790865,1.233
oI42BohDabU,entertainment,7,1.46,427927,2594869,6.833
oJ2faqXlU1s,entertainment,15,4.35,1919170,18214098,2.245
oJToMo97UOU,film,9,2.65,74465,329150,1.931
oKeF7K2VZtQ,people_blogs,4,1.99,7745,66117,1.336
oLDbO545aKQ,music,22,2.12,533001,3825440,4.692
oLrOtjfn1rw,entertainment,13,2.21,192941,866371,4.511
oMOljrWUUXc,autos,8,0.92,9179287,11135294,0.845
oNpzeIdOtlk,news,9,2.04,409252,1822026,2.347
oOAohDViea4,people_blogs,5,1.21,98753,299465,1.137
oOZ_Q6qzXuw,autos,9,2.29,99616,1110127,2.754
oPM3jxnoqhk,music,6,1.37,170173,506547,2.447
oQxKEtoHygY,music,6,1.29,175830,621513,2.489
oR9gIJjMyis,howto,11,2.07,157116,1180893,3.04
oRArmtMA9AI,music,14,1.79,1548217,14211432,11.44
oRQ4cTsr3_c,entertainment,7,1.27,180695,390379,1.565
oRSVrtKph_k,music,4,1.79,192797,1381523,1.167
oRSm7DUvykk,film,7,1.25,739350,2895696,2.426
oRexsyztGS0,entertainment,14,2.23,92282,1315533,2.997
oS2MW3YIJew,music,7,2.29,283672,1666465,6.765
oSEeK9yDNQI,gaming,19,1.44,3532459,15000691,2.697
oSZDe6CrfN4,music,13,1.9,160080,1107915,5.287
oTKbyqkAu7s,news,7,1.15,32490,51640,0.792
oTObwUiXdYY,news,5,1.34,25134,33761,0.685
oVbqjIuZgIk,entertainment,5,1.42,108206,230165,0.856
oWdLorlbhfU,entertainment,7,1.75,32296,118151,1.152
oWjxSkJpxFU,nonprofit,7,1.23,7766369,24286474,1.565
oWw1BcFhk-k,music,17,4.54,741863,42390420,
oX4YCoO6tK4,howto,6,1.22,933951,2392206,1.316
oX8-6whswEA,film,8,1.21,177514,628368,1.198
oXE-ssvbhQA,people_blogs,5,1.33,304108,1120115,1.228
oY9GVZKwBhI,entertainment,15,1.96,324933,2208344,3.514
oYL6kldXWkg,people_blogs,5,1.8,80853,507524,1.279
oYe-QM8ZimI,entertainment,12,2.28,59492,770953,4.298
oZYryYLYIsM,howto,8,3.22,21730,259179,2.734
oZm_N6aSU0E,entertainment,4,5.15,58672,707170,1.695
obRG-2jurz0,nonprofit,5,3.59,36830,357429,5.611
odHhIVjDgq8,pets,6,1.48,114635,505444,2.67
oe9-_fD55ok,entertainment,7,2.54,60041,661818,2.574
oeAEuiovVbg,entertainment,4,4.15,97088,1104595,2.645
og3aFSeEm94,people_blogs,13,1.34,348098,1460170,1.89
ogYum4kWXgk,entertainment,4,1.46,85441,195143,0.927
ogfYd705cRs,science_tech,12,-0.15,522732,3680550,1.97
oh0k_4SAXpM,people_blogs,4,2.17,507575,2236472,1.099
oiAe-vck-sc,people_blogs,5,1.19,61948,182113,1.213
olOdCkYIsrA,science_tech,5,2.08,57113,218006,1.224
olf9d8JvrA8,entertainment,6,1.29,125494,482225,3.419
oo9JMSiI55M,entertainment,6,4.17,23534,776332,5.22
ooWd_9OAAUg,entertainment,9,1.37,475309,1397713,1.521
ooyjaVdt-jA,gaming,25,3.28,689319,10306119,6.888
oqbmlVa7Nag,news,5,3.01,19962,88954,1.82
osc1DbNpNXE,music,6,1.79,59453,271722,5.136
ouWuzQb9vNg,gaming,17,1.5,358950,1482174,6.754
owndUjFYR8o,howto,4,2.3,19379,191712,2.258
ox7RsX1Ee34,music,4,1.79,2705330,12730630,5.159
oxd0unpN_Hw,music,6,1.67,69258,393488,
oyC4lLTOyL8,education,5,1.33,77330,280619,0.933
oyLWPWydvyo,film,4,5.1,67670,764217,
ozhENW1LDa8,news,4,1.6,675,16990,
p-BA2c8T8vc,entertainment,4,1.58,204167,860169,0.994
p-GN8WXoiX4,entertainment,13,1.95,784078,4216618,3.207
p-OCfiglZRQ,entertainment,12,4.33,278253,3754719,12.588
p-bGJ6W1Im4,people_blogs,8,4.86,26419,813310,2.0
p1af9PKM8Eo,music,5,3.0,3160,43597,3.562
p1jllz43xZE,comedy,18,2.54,65046,661572,4.362
p2EY93WfBQk,howto,5,1.12,114585,370461,1.385
p2JpSCYQKFs,education,7,2.08,21060,175566,1.386
p2ZNmYnx7ds,sports,9,1.77,61381,561970,1.892
p2hJxyF7mok,travel,4,2.75,170473,472936,1.151
p3Orma1SddQ,howto,7,1.37,70200,210223,1.716
p5HH2UfZ2wE,pets,5,2.28,99866,437271,3.021
p6E9R9qv1No,music,15,3.42,684539,14487632,32.188
p6cInZvsPPI,people_blogs,9,6.02,12621,178163,4.286
p8XP7A7kvzM,entertainment,4,1.72,3350008,11217517,1.119
p8brfJAULgc,entertainment,6,2.97,3175,62888,7.481
p8npDG2ulKQ,music,7,1.37,5209056,26912663,3.11
p8t4HQWwDxk,entertainment,5,1.85,275735,1591562,2.578
p9wE8dyzEJE,film,8,1.42,916200,4499836,1.372
pCWH5OW9lDo,science_tech,4,1.02,801099,1695390,1.217
pCfmsVFCPmY,comedy,5,1.23,80206,271180,1.274
pCteBhr4dGY,entertainment,12,3.36,234358,1618812,3.149
pDi7cezk9CA,entertainment,6,2.12,204437,1275330,2.334
pEN_htHtt_c,pets,7,2.17,209470,975327,3.936
pFc6I0rgmgY,entertainment,26,2.21,1185115,5249452,4.288
pH7VfJDq7f4,education,14,1.5,104298,477956,4.974
pJ96Z2PPKI8,entertainment,6,0.91,530501,1212650,1.393
pKFd5rAUM2s,entertainment,6,3.21,169069,2525116,3.595
pKW-ZgBl9eU,comedy,7,2.29,81753,742552,2.138
pKkf2KCc6xo,entertainment,17,2.23,2384259,10187747,2.517
pMpQABKlC-I,comedy,11,1.09,1413038,4147252,2.303
pOEzjT-SED0,music,7,1.37,788758,3930664,4.993
pP6r2Gy_dTs,entertainment,6,1.58,309797,1446252,1.66
pRnCk5QeXdw,entertainment,6,2.23,5472,84137,1.487
pTysrwci0pU,people_blogs,11,3.27,444582,6303293,4.924
pWZnhJay0Y8,entertainment,6,2.21,20687,136109,1.472
pXpfGJpmhNI,comedy,11,1.21,233425,1163206,2.138
pXxA_8C3HHQ,science_tech,4,2.42,16631,270421,2.723
p_IwENcMPOA,music,10,1.79,723079,7987051,
paxgKBUK4wQ,film,6,2.29,327138,3085206,2.348
pcEQ5N0qGeM,people_blogs,4,2.33,53390,245641,3.905
pcJo0tIWybY,music,24,3.42,474908,6004782,8.436
pcWKpGzhgq4,entertainment,6,1.49,183729,792184,1.976
pccxxvvkHQQ,film,4,1.9,7235,53227,1.432
pcmbmC9cUUY,howto,6,1.67,104080,585765,1.734
pfM1F0fBTo8,gaming,9,2.33,185306,1873813,4.125
phGlo_TNDp0,film,5,2653.23,221,18015,3.808
phXTecbj6NI,howto,8,2.12,22775,253615,3.427
pi2Ri9-K3_E,science_tech,8,1.36,234339,720795,1.165
pihJVwap7iI,music,11,1.79,41670,327786,8.066
pisY6J2Ky6U,entertainment,6,2.08,637367,3933195,
piyds9slayg,howto,4,247.53,3976,19976,0.95
pj6k-EFxqAI,music,4,2.29,906124,4165797,2.815
pjTj-_55WZ8,music,6,1.5,598178,4011561,
pjaEEzjd9iw,news,4,1.91,472,4864,1.375
pl-DjiO8das,people_blogs,22,1.37,1960211,4884193,4.209
pmMjkMtpnTc,music,10,3.62,751302,12529936,14.357
pmdVVDkvJXU,entertainment,5,2.37,6090,94892,17.08
pn6azlyHzuU,entertainment,4,2.29,134527,805722,8.954
pnlNqAmCCgw,howto,4,1.46,254793,845894,1.443
pojXEFDFMw8,entertainment,8,5.54,21772,320204,4.214
pqQrL1K0Z5g,science_tech,8,3.01,74183,1154894,1.98
pqzopUurZPc,pets,5,2.24,80176,433420,1.853
prmQgSpV3fA,music,5,2.32,332338,1695280,2.823
psbdT3kS8mY,entertainment,6,2.35,151297,633241,3.061
psnbQ_sF-yE,comedy,6,2.27,334978,4030247,6.227
pspGtXW0QYo,pets,13,2.42,137042,541990,4.255
puREqwXzyCI,comedy,7,1.19,51429,224381,1.332
puqaWrEC7tY,entertainment,6,1.54,429067,913268,1.13
pvg2cw5oshg,music,6,1.79,39557,183509,2.52
pwGbwYAfSmg,nonprofit,8,6.44,22408,333587,3.202
pwYa2LyCans,people_blogs,9,3.17,65602,466288,3.51
pxk88-K9mGQ,science_tech,4,3.46,3480,101525,1.477
pypRKeF3u6A,entertainment,7,1.32,184888,4082949,
q11UD-6XT-8,entertainment,4,1.64,135626,591650,1.19
q1mE6MRHz6U,pets,7,1.42,58906,199662,2.87
q20_MVdB31g,entertainment,5,1.42,80861,235853,1.359
q260bjSiyq0,music,6,1.18,118139,344951,1.797
q3j6708kzEY,comedy,5,2.98,56407,398937,8.74
q57eQqq9-IA,gaming,4,2.23,10252,185604,1.62
q6xkWA0Qi98,comedy,4,3.26,12801,159248,1.985
q8fuvWLje8M,news,11,1.46,40180,148054,0.85
q8kLoRnzgLQ,education,13,2.21,86761,563514,3.33
q8v9MvManKE,film,8,3.37,50486,11979805,
q9bGAAYR2MY,comedy,7,1.15,50996,135565,2.607
qB24uIe2Q7c,howto,6,1.29,243831,951177,1.619
qCSu-X_aEvo,comedy,12,2.62,583366,2207257,2.821
qD2yyikDcDw,entertainment,8,1.2,658064,1731533,2.126
qDAxDcjgn-8,music,5,1.04,102911,302837,1.421
qDDNcyOhqCI,entertainment,5,2.15,8085,84173,1.243
qETfaJXx22g,music,5,2.11,124648,419510,2.92
qEklBC2BQig,entertainment,7,1.23,41102,100235,1.864
qF7SRQFd49E,news,4,1.98,351902,2849993,2.216
qFy5XyZsUeo,entertainment,7,0.92,1290548,4492197,2.455
qIkuNJPtfw4,howto,11,3.81,129123,719556,5.934
qInSq2g4nmk,people_blogs,9,4.15,28425,386159,2.936
qKh7JdoPZz4,comedy,5,1.12,108118,294007,1.111
qLaGCduQKGM,science_tech,10,7.42,19404,769460,4.167
qNYhd5QtAlE,entertainment,6,8.11,7204,288977,3.39
qOioqgPyCwE,entertainment,14,1.83,242376,1128733,3.367
qOvMazijKMA,education,10,1.33,107028,474698,2.256
qS6LoRYUdhw,science_tech,6,2.26,195128,1202878,1.406
qSKOPBVkpJk,music,14,1.47,596975,2679999,3.181
qT0mpVcH3ZU,comedy,4,1.17,932495,2846237,1.573
qTJs_9Ckc60,entertainment,11,3.13,23601,222932,3.009
qUmfriZoMw0,film,8,0.92,8048148,11385180,1.1
qVWzDX5NrhQ,entertainment,10,2.11,19983,241387,3.195
qXivpclxftM,comedy,5,2.2,484622,3558563,1.824
qYNNT1WIhwM,entertainment,13,1.93,348236,1886667,3.348
qZHycHI3F1Q,sports,12,2.04,2019460,18094162,4.515
q_MmN6-KLXg,music,7,1.33,151024,654210,4.627
qaivW5joQrk,entertainment,4,3.44,11635,229871,1.959
qcP7sS1qZ2M,entertainment,9,1.38,61545,314140,3.401
qeWvgZLz9yU,howto,4,1.33,110377,265799,0.84
qfqVkEYQ1Ls,news,20,8.2,371239,8304593,4.004
qgYvfE5PkQI,comedy,4,3.33,227590,3682671,24.516
qhuKvMRqsk8,entertainment,7,3.37,54575,377788,1.416
qmYcbgJBv7s,entertainment,5,2.42,38671,100812,1.005
qmvj7ijV0Q0,entertainment,10,1.68,257219,1517477,2.019
qoPCbB_uGMw,news,5,3.07,215202,1529545,8.186
qpAo_XvCQaQ,entertainment,7,1.08,549154,1258994,1.389
qpkXi0-XkxI,entertainment,13,4.3,126023,1953661,3.526
qtW9ornyPIQ,comedy,9,2.29,83277,852983,3.06
qv9Gt38LOKQ,howto,6,1.42,164424,726679,1.784
qvLyNeMGdR4,entertainment,4,330.77,63,1689,14.643
qvZybtmE5RY,entertainment,13,1.25,202969,664716,2.577
r-3iathMo7o,science_tech,27,2.21,344704,6995168,9.098
r-7-bIXETfY,pets,7,1.43,63821,251742,2.189
r-8NzNW6mXs,education,6,3.12,38311,315079,1.149
r-i6XpcL1Fs,sports,10,4.08,917102,9220058,2.547
r-luQokOiBw,entertainment,7,1.33,278738,1122775,1.602
r15_6z9xryo,travel,5,3.46,485568,2533102,2.436
r1x0X5PCYak,howto,5,2.17,357148,2723989,4.534
r2H8Oqm1eQ4,autos,11,6.42,6906,497048,6.773
r2vpDWS5ky4,comedy,4,1.09,1838125,5613554,1.24
r2ys-AimNbE,film,11,3.41,177398,1953665,7.468
r4VJ8o6yqzM,entertainment,4,1.37,480379,1976572,2.12
r4ppTbMcFTo,music,5,1.42,17558,73525,3.758
r4qSDOHeWjk,howto,6,1.33,246526,887547,1.772
r5B5WmzdBKU,howto,4,3.03,40653,245989,1.596
r87aoVq4gZg,sports,6,1.52,36570,184390,1.297
r8FQ5wUYm9c,comedy,5,1.75,451014,2277409,1.106
r8KvT9pZs7k,news,8,5.37,64117,788136,5.289
r9lQggOQGvw,entertainment,6,1.42,275042,1142433,1.506
rBFyZRQ9Jeg,comedy,4,2.17,4009,28894,1.107
rBkLNBRDw5c,entertainment,4,1.16,48757,87198,0.665
rEdl2Uetpvo,howto,6,1.37,339931,1940455,4.226
rH_sH0jPVTg,news,5,1.27,20009,49455,0.605
rJQYzX6Bgio,people_blogs,6,4.37,23737,520338,3.334
rNCT91V5dQU,music,14,1.79,261100,2592351,11.962
rNaFB-IoXaA,music,8,1.79,140658,911208,
rOoLSRCmd1c,entertainment,4,2.18,196262,1263103,14.433
rQ7yPtJ5Y7I,entertainment,4,3.37,1715,12544,1.377
rQEqKZ7CJlk,science_tech,9,1.13,803961,3136465,1.273
rQQjjYyZpa4,education,4,3.37,18358,619222,2.348
rQWZK5U233s,music,6,2.33,298937,2723642,
rRr1qiJRsXk,entertainment,16,1.67,9933558,47828624,3.358
rRuifrLicbI,howto,6,1.33,236160,1165315,2.014
rRzxEiBLQCA,music,5,2.63,5388700,41088994,4.767
rTMgDNpXPto,travel,10,2.08,8911,109525,1.706
rTukZtX_VCg,news,4,2.43,31314,77788,0.609
rU1lSmDbRZU,entertainment,8,1.64,149595,476604,1.316
rWHrWuDnReM,entertainment,5,2.35,137009,682990,2.019
rX61Rpc7zWg,film,6,1.6,145290,496386,1.342
rXbKeHAoA84,entertainment,7,1.18,99847,377833,1.57
rYcnh7hXOjE,news,9,1.48,243227,790583,1.884
rYnmrkMizdc,entertainment,9,2.08,82774,538365,1.747
rYzLh2QuraQ,entertainment,4,3.46,274616,2507336,
rZQepOFnYi8,entertainment,10,1.28,378642,1327815,4.0
raJMFayG5UA,news,10,2.35,112034,507166,1.075
rbQLd9Kj2VI,sports,6,1.02,293886,662158,0.831
rdJdJpwmcKU,entertainment,6,1.9,56216,559294,1.796
rdsABjAP8Yg,news,14,4.45,232354,2340514,1.891
rew7FoGy1Po,comedy,4,2.27,56402,642523,1.583
rgcE2lMa0Kw,science_tech,4,1.35,23040,54703,1.187
rhhQS3ns6HU,people_blogs,8,1.89,1403949,7935379,1.726
ri1m5j_yq8A,news,4,2.28,36276,243470,1.143
rjlxc-vxNBA,entertainment,5,1.87,112922,536288,1.19
rll790aP60Q,music,5,2.28,25987,158541,4.275
rplCCSqWXIY,pets,6,1.43,85351,555861,7.319
rqTpMCq8uhk,autos,6,1.29,156299,672513,1.387
rrwd2_UkmNw,science_tech,7,3.29,71634,793636,2.114
rsEne1ZiQrk,music,13,1.87,2965479,41604561,27.578
rtJ7JTApIfM,news,4,1.54,3295,16361,2.028
rvskMHn0sqQ,education,10,1.45,645586,3102346,2.691
rwFfo61fVSY,people_blogs,14,2.37,220174,652917,2.198
rxmtHVSVjdo,music,19,0.83,1272450,9019459,10.522
ryr75N0nki0,music,10,1.85,1935146,17629966,14.801
rz4Dd1I_fX0,science_tech,6,2.21,85808,736075,5.439
rzVJrBOsf0M,howto,12,2.37,26790,327777,3.011
s0Uxzh1E94U,autos,4,6.5,70624,1823117,0.819
s1APv5uO2VU,entertainment,19,1.93,200657,858452,4.371
s1RxsMYi2xw,sports,4,2.26,18961,264249,1.382
s1cpCfX-mgo,music,5,1.79,51230,245625,5.382
s1yV1kTrVGA,news,9,2.09,128372,691057,1.311
s31XTrGJchQ,music,15,3.46,104724,11452121,
s32C3KAi0Nc,news,5,2.25,4910,56370,1.627
s3ChukSDGRU,people_blogs,13,1.96,61740,425636,2.921
s3oogx4roPI,howto,4,1.95,6058,52534,1.485
s3tz_mNg6NQ,music,4,4.5,401011,3156530,4.43
s4kX4R6T9ms,howto,5,10.08,13424,584185,62.287
s7wLPGmnahE,entertainment,5,2.38,49754,297279,1.207
s9C8lsOE4ik,news,4,3.26,25333,202107,1.63
s9ZQ6VuoN1c,howto,10,2.37,102321,1162734,3.173
sBC9r4HuKu0,sports,4,2.36,48958,700008,3.072
sD_31GJmhUc,gaming,6,1.09,76090,277921,4.939
sFMehG2tDcA,news,6,1.66,391361,946378,1.044
sFtLUGa3arU,howto,10,7.29,23059,997139,8.355
sHz6Wlc2MAI,education,4,2.08,76296,308049,0.704
sJGgV3p8JzY,music,5,2.37,305770,1823157,2.502
sJzWZ1yXpek,entertainment,8,2.17,141791,502880,1.715
sK2RoVVxQsA,science_tech,8,3.27,26231,594486,1.785
sKLREPyI-dY,entertainment,13,2.59,226368,1243560,4.007
sMLso2du91U,entertainment,10,1.21,1123568,2837732,1.337
sNTLwCEiIJ4,sports,8,1.91,144581,856936,1.02
sOIBkZsGb0A,comedy,5,1.33,53168,168118,0.95
sOmVqjuUHAM,howto,5,2.37,398035,2546894,1.867
sP6Z94dDPEw,film,4,2.42,748652,2382407,11.964
sQEJ1fZhgUc,music,5,1.37,76722,362275,1.12
sQi0Yu1ApyE,entertainment,6,2.37,146708,958901,2.164
sRbhD2unwBc,sports,8,1.21,21145,55614,1.024
sS0LCjOiIhc,music,12,3.62,1089858,25757299,10.384
sScTRKljFUs,autos,4,3.38,2260,58519,1.242
sSszA_Ugd1A,science_tech,8,10.08,26860,55615,0.755
sTnCS91HgcE,entertainment,4,2.04,6399,55901,3.004
sTvY9Llqtms,autos,6,1.33,276083,1389924,1.495
sTwiDhosVks,entertainment,4,2.33,164653,999933,2.866
sTyOtjJyjsg,science_tech,4,2.4,277640,1651674,3.45
sV7QeEJ9daI,howto,7,1.98,20229,91566,1.782
sV7eDd1d7LI,howto,15,2.58,330287,2351845,4.652
sW5HaEsnuMI,science_tech,7,1.21,456912,1367551,1.615
sXP6vliZIHI,people_blogs,13,0.79,2133288,17540613,40.555
sYorT6jRNDc,news,5,2.29,64910,322802,0.972
sYvH7Y16iUM,science_tech,8,1.25,1756111,5099952,2.086
sZWmwHjFRPI,music,5,1.67,57576,315505,45.08
sZoZryCb0P0,music,7,1.79,282245,2004629,93.48
s_LxZx42sIk,education,6,1.33,63137,271594,2.14
s_PNdnAwtcc,sports,4,7.43,3644,256691,1.951
saPG3E59xeI,howto,4,3.47,1070,30719,58.369
scMSeVaE7Ao,music,7,2.19,68075,331315,1.048
sdL70wkf_H0,film,10,4.25,733674,5160625,0.9
sefscV3GvWM,autos,6,1.46,112710,842594,1.671
sfMwXjNo3Rs,travel,9,2.21,104121,437576,1.166
sfxilYIycTc,howto,9,1.96,83602,521611,2.272
sgX_StgXGF0,entertainment,5,1.29,302726,857897,1.344
shHTYg-rOAg,music,8,1.29,591532,3749896,14.836
shiTAXD78Y8,news,4,2.31,105179,639265,1.555
sirrTXiPFmw,entertainment,6,2.03,558391,3525534,1.673
sjN-NGsRg9g,music,6,1.37,507114,2302545,3.737
sjVqDg32_8s,film,7,1.38,1858954,8556235,1.048
sk-DFZh1G1w,pets,6,1.33,226653,697581,1.45
smjf3M6-1XE,science_tech,6,2.29,160707,967088,1.238
soBb4X5Hb6k,people_blogs,11,4.01,857016,2422767,1.891
sosxR6ZALjc,news,4,1.9,58662,281283,0.529
spuXN0ccRQ8,education,6,1.37,181606,901908,1.419
sq4hYZlDPec,gaming,16,1.2,1680767,5025820,2.282
sqVuypJD7zo,entertainment,4,1.58,346725,1204117,1.485
sqkL6D0ScR0,entertainment,16,1.21,288976,1392568,3.631
ssk48FCVolk,entertainment,13,2.75,150478,1356734,5.774
stMM0EsoGwY,howto,5,1.98,128259,1017290,2.306
suEeS2v334I,music,5,1.79,14923,69407,2.639
sukhhtHWgko,entertainment,5,0.9,140113,305524,1.197
svZScJMh4Pg,music,5,1.29,164933,702208,1.848
svi8VheVPrc,science_tech,7,0.46,215167,418734,1.119
sw-l5SW5hik,comedy,11,1.46,544877,1892728,3.234
sw7RElt-SvE,entertainment,5,1.29,32945,110360,1.538
swlpgKzTm2Y,news,8,1.35,71306,152933,0.755
sxS9h8mU2Yk,music,5,3.83,137095,894436,10.764
sxxJug2Ob_A,comedy,5,2.23,704667,4184160,2.441
sxyotaytAS0,news,13,2.24,240722,1144984,1.623
syAXXLxO8tw,film,14,2.18,264041,1271958,2.782
szFrHKoD1GE,travel,12,2.33,118797,1361890,5.547
szaJ5aW-LUs,music,11,1.31,293024,1687351,3.182
szs2GAYwMHo,entertainment,4,2.37,56664,443412,3.829
t0N7Vv7bafU,news,5,2.06,88825,255517,1.034
t0Ro2Yqs6mA,news,11,1.35,26447,68886,1.964
t0VsbEqfAvo,entertainment,17,2.17,395911,5352705,9.324
t1shnJT8NCY,people_blogs,6,1.71,125251,700476,2.066
t2rpj72GHN0,entertainment,6,2.08,10013,44733,1.851
t3z_pdr6z8w,howto,6,1.79,106509,877585,1.597
t4ZsyO1n-kA,entertainment,4,2.37,177587,1058992,0.927
t4pRQ0jn23Q,entertainment,27,1.42,1140909,4654027,5.388
t50M1CM7E8s,howto,8,1.04,54316,127987,1.022
t5Lz14wu1uw,film,7,1.21,825129,3180207,9.708
t5_dSCu_mLY,people_blogs,5,1.98,1650339,7757967,1.405
t5uVXqNLMDc,howto,5,4.45,59881,1194183,2.77
t6rHHnABoT8,science_tech,7,1.33,807537,1851127,1.523
t7Fa1GUf-LE,music,5,2.01,28971,249897,8.261
t7klO0p092Y,entertainment,7,11.33,5500,1120841,5.106
t8a8EFMAuSU,sports,5,1.16,216226,708109,0.92
t8aPNtKYABk,news,5,5.19,25242,498232,1.224
t9GNMVfEiG4,howto,11,1.36,473420,1535269,1.723
tAn7wxn2Atk,entertainment,8,1.5,247346,1048474,2.626
tCXGJQYZ9JA,music,14,1.95,9441585,71560694,8.845
tE5C3O71Xqo,science_tech,12,0.91,935646,2214150,1.395
tEmodtG8NV0,howto,5,2.02,124782,1521121,1.389
tEnCoocmPQM,music,6,1.37,1328660,6595340,3.834
tG-IGNvfrg8,sports,10,1.79,868916,2929399,2.736
tG4Fbj1B1bY,entertainment,4,1.97,30789,128002,2.429
tGRzz0oqgUE,music,6,1.29,1260710,4121390,2.794
tIYJcjhINqA,howto,10,2.07,81763,778706,3.178
tJFk9dPdxO0,entertainment,8,1.15,91376,488560,41.188
tJfDBSWYqU8,film,20,1.46,2112075,9178923,3.157
tJv-xtxKkQY,gaming,14,1.25,1530159,5875671,2.826
tKHC0X2EwAs,music,6,1.9,44062,348192,2.068
tMazN5uH49U,people_blogs,7,2.37,166351,1591502,1.544
tN8o_E_f9FQ,film,6,2.46,534941,3749838,1.268
tN_8CwE8ULI,music,9,1.5,959378,4023614,5.351
tT-lTxhW7pY,news,5,1.81,31156,201025,0.808
tUbky9YzPZY,people_blogs,12,2.16,200470,1867337,1.914
tVlb8rVs7kU,howto,5,1.44,30386,114753,1.115
tWDK9rK-f1Q,film,6,2.29,184210,1919186,1.605
tXlbRhkQaVc,entertainment,11,1.2,85473,224803,2.242
tYF1dQRVS2c,howto,5,1.38,12789,64316,1.827
t_bnyOOFDNM,entertainment,11,2.12,170493,1255834,1.889
ta6sV6WrElE,entertainment,4,2.32,219293,2925095,1.881
taxAD2LePy8,howto,6,1.81,51179,436638,2.529
teA0Z7ltRSY,news,10,1.81,19353,470348,1.327
tfNzMKvoVOU,news,5,1.39,124644,513459,0.874
tfREC-AkX20,news,9,2.42,68990,673554,1.656
tfaGleA4qYo,news,5,2.11,340035,1059355,1.089
tgGJhBTVCW0,entertainment,4,2.31,17495,162444,9.841
tgMxQ4qCANg,entertainment,4,2.12,351517,1937626,1.088
tjA7nAHOAww,music,24,5.5,801551,21986883,
tl4I1b6cHKc,entertainment,11,1.14,300620,909580,3.338
tlILlcCE8Sc,music,18,1.42,1255398,13572765,14.533
tn0hCTyj2Kc,gaming,19,2.29,177714,1749832,5.468
to-e5edw-X8,people_blogs,4,1116.7,198,54529,2.486
tpa4kp4lK60,science_tech,14,1.35,917945,2865758,4.155
trWLY6NrS2Q,film,6,2.29,197210,1480903,2.546
trcditUaQJg,entertainment,11,2.12,263340,1888184,2.457
tsM6kq-7nmw,sports,14,1.29,66509,787517,4.65
tuONqBMf3XA,howto,4,1.33,285230,838549,1.247
tugFFhML7VY,entertainment,13,1.16,1528142,4159065,2.372
tx-9LkVIdz0,science_tech,4,4.33,44191,549996,1.719
ty-AFKiiTRA,music,5,1.67,51181,156494,1.847
tyjVu_IFKMc,entertainment,4,8.42,4809,288247,6.272
tymvJ8wowG4,people_blogs,4,2.02,13610,152598,1.683
u0-pfzKbh2k,travel,8,1.12,564014,1771153,1.984
u0feM_2mLvo,entertainment,4,1.28,260674,984196,0.938
u429Qgvoxw4,science_tech,12,2.37,184076,1084801,1.942
u5Jw7D-c3II,music,5,1.42,34784,149873,14.958
u6GnElEnaqQ,people_blogs,4,2.23,9626,138539,3.584
u6unJQownW4,music,10,2.63,3050720,18310912,3.436
u9Mv98Gr5pY,entertainment,17,1.84,11155193,58530197,3.476
uA8GdJJqz_s,news,10,1.8,903362,3523600,1.433
uBUnmdd5-iA,entertainment,5,2.11,92457,620968,1.699
uBYzYji4rmE,film,6,2.29,660160,4812273,1.565
uE_dSIumQ5Q,howto,10,3.3,11196,228646,3.217
uFDPLyAWpVg,sports,12,1.29,211197,1652914,3.467
uGwcNjWrgaU,entertainment,6,1.42,117180,290138,1.1
uI5_G-Hiu8U,entertainment,12,2.03,38668,292030,3.334
uI9G_fZRLWM,people_blogs,5,1.95,72539,496856,
uKkbfxTHJGI,music,9,2.05,679352,3514734,3.194
uLHygq6Mm-0,entertainment,7,1.29,22782,88667,2.3
uLWBWUwIx64,entertainment,5,2.12,114253,1069966,3.316
uQWuC7L4_DQ,news,11,1.51,225217,626781,0.964
uRP4nAGMYCY,people_blogs,13,2.11,215140,1410354,5.139
uSTNyHkde08,education,10,2.37,92797,649994,2.857
uU3kLBo_ruo,education,7,1.35,140491,592459,1.814
uUEdjGTIB9Y,people_blogs,5,1.23,20114,51141,0.839
uVcvhKTVZ8g,gaming,16,2.65,597277,13300020,
uY6lAISZQ0Q,sports,8,1.83,87296,686582,0.948
uYaN4OLxm08,pets,6,2.46,57580,355153,2.463
uZ1M3DkKCEI,music,7,1.42,1379288,6877412,5.124
uZUOzSMDBjg,howto,11,2.08,27468,333366,4.195
u_C4onVrr8U,music,15,3.33,297034,5767032,421.081
u_SA2QkZd24,music,4,6.2,1037988,10698770,9.474
ufynqs_COF4,music,16,2.34,1362543,17539644,27.87
ugdgAifIOBA,music,4,1.79,136319,689209,4.92
uiZprtMUyCM,entertainment,10,2.32,77457,395229,1.728
ukqJTaHm-xc,howto,4,2.33,41119,431253,1.541
ulCdoCfw-bY,education,17,1.5,685640,3373574,4.003
ulNswX3If6U,film,26,2.33,1480253,54863912,
um-1fAVU1OQ,science_tech,26,2.21,191918,2624803,6.067
umPDFJkH3_M,education,4,2.12,60758,269305,0.819
uovntV3ZMDc,music,13,5.33,145375,2238362,7.042
upEIZAihcwo,sports,4,1.27,8962,20541,0.452
upt1wHntDws,film,4,2.04,16629,221773,1.435
upzmEBwEtpo,education,6,1.36,28186,97367,1.68
uu99R0zAUEw,sports,4,2.9,117185,1696151,1.822
uwQX7nz0aUs,comedy,8,2.36,7663,156425,4.135
uwUchGQRXKM,howto,5,1.92,130018,678631,1.77
uwfIr6flLXk,comedy,6,2.29,515305,3691273,2.213
uxSAnJsb-SI,news,4,3.06,6742,170637,1.962
uz_JyfyowQE,gaming,5,1.91,45857,131055,0.766
v-dfygYIfLs,sports,8,2.09,1209892,13782417,2.487
v-vx6GpTBkc,entertainment,12,2.46,49533,424016,3.506
v0e9MS26QmA,entertainment,14,1.33,203761,751366,2.924
v1OhsiZjpww,news,7,1.52,351053,899565,1.441
v1j5ckZwKEQ,entertainment,7,2.3,71591,748313,5.227
v23_b_V6beI,howto,8,2.17,22185,148207,2.123
v2OTO6UEVAo,news,10,1.39,223432,1015745,5.066
v3Nv2R9Acec,entertainment,5,1.33,104947,400911,3.246
v3UrBcJaczQ,sports,7,1.78,304065,3272327,2.19
v3hGUJJIjzk,howto,9,4.35,12162,231946,4.055
v3y7FE76H7c,comedy,8,1.38,150235,561569,1.48
v4DFeT9z7yY,entertainment,6,1.17,222254,1011961,5.254
v5QCBkrbuy4,sports,4,1.8,7112,112207,1.341
v6WdrNN9j8w,comedy,7,1.29,510744,1940700,2.301
v6d1rShfyZk,people_blogs,4,2.33,540,4386,3.045
v6xUgawDQB0,music,4,5.75,474165,6657752,3.139
v7H_Or9Nr5I,film,24,2.38,679932,8300584,12.045
v8VMdSQL50w,news,6,1.27,14211,60092,6.781
vAGtarDX544,education,6,1.32,6729,33235,1.955
vAh7jTAkCKc,music,7,1.09,690278,4012204,13.56
vAuO3bHxSpc,people_blogs,16,2.1,485983,4284337,4.47
vBdxi7-_HKw,people_blogs,5,1708.36,69074,139026,0.674
vCWrArYJntc,music,5,1.79,54848,189814,1.752
vDtyaRoonx4,sports,13,2.08,1732607,8715134,3.186
vDyYMcjf500,gaming,19,2.21,33613,324219,4.507
vFK7oWLWapc,film,6,1.87,54478,338425,1.764
vFQ8hsZsDkA,film,6,2.29,106535,910973,3.139
vGTTSdrV37U,entertainment,10,1.94,169795,735035,2.401
vI4LHl4yFuo,science_tech,6,1.67,671364,3257990,6.592
vL2-H_0V7nw,comedy,12,2.27,210553,1420352,2.302
vNya04dlC4I,entertainment,5,3.35,2048,62644,1.178
vOKOamXsXYE,music,5,1.67,133430,623149,4.689
vOodS7E-SNc,news,5,1.67,10107,88808,1.454
vQiiNGllGQo,pets,13,1.54,192230,713574,2.809
vRWH9GQ2J90,entertainment,10,1.4,251915,1083920,2.059
vRf3azp1pak,music,19,1.83,280586,2826942,6.647
vSRAOvhFF1I,entertainment,6,1.17,25011,96440,2.028
vTJKosHxYtM,film,10,4.6,12654,293567,3.707
vU14JY3x81A,education,6,1.42,257666,538546,1.462
vUiE_0GPqKE,music,6,1.29,300936,1272955,3.44
vXBfwgwT1nQ,science_tech,4,2.13,647247,2588376,1.581
vXi-FfoJsxQ,people_blogs,4,1.99,16676,104822,2.162
vY_5EvoL1Is,entertainment,4,8.31,4114,6518936,5.843
vZJXXguLysI,entertainment,4,1.71,7798,25386,2.081
vZzIS17HexE,entertainment,5,0.87,25889,42451,0.785
v_0WNLAmSaE,gaming,6,1.23,1333999,4656429,1.899
v_8TF4nv88s,education,9,3.3,62387,845650,6.077
v_CMMWCN5nQ,people_blogs,6,1.17,93730,345180,2.11
ve3oQBjcAGI,film,5,2.29,220101,2098612,2.619
vecSVX1QYbQ,music,4,3.62,1028459,8876920,
vecmYltEk30,comedy,8,2.58,89517,834196,2.482
vfHd8MF0ExU,entertainment,12,3.33,211972,1682086,3.605
vgX5M1eVhyw,howto,4,2.29,2191,36113,7.639
vglAsbxMX_Q,entertainment,4,2.21,46383,506152,1.864
vjI4Alon-3Q,music,18,3.58,3114249,59877217,20.391
vjSohj-Iclc,science_tech,25,2.17,1815164,6731401,5.737
vjnqABgxfO0,entertainment,15,1.33,2699037,12218726,3.505
vkHGedqmIPc,people_blogs,6,1.15,81635,258814,1.48
vm3_34a5D_s,music,7,1.29,50456,230092,4.028
vn9mMeWcgoM,entertainment,6,1.93,6669094,38070298,1.953
vnuk6bbPXeY,entertainment,10,3.29,21317,261803,3.141
voG07pt-KYI,music,21,1.33,2485850,21688951,9.058
voozHXadYYE,education,6,2.35,12730,284673,2.59
vorkmWa7He8,science_tech,5,2.16,467072,2900057,2.28
vqX6fkty-WQ,entertainment,8,4.52,6543,161101,4.537
vsA_L1t4vXY,education,12,1.35,77300,309933,2.492
vsPTqR5778Q,music,5,2.79,96556,284598,1.306
vug4bROR79I,sports,7,1.86,174285,2957528,1.497
vxfJbW6KDp4,education,5,2.33,43843,370450,1.92
vyqCSzFZyXg,music,7,0.75,293796,1233644,1.297
w2A8q3XIhu0,education,6,1.33,154492,556475,1.273
w2Es7-c9GAk,music,7,1.79,484638,2049961,1.787
w2QTDd1sT1E,entertainment,6,7.32,134422,2454509,2.27
w4C4aSHUtE0,entertainment,6,2.75,75329,1095505,3.894
w4lcP5ZA4wg,pets,5,1.96,352617,1240566,2.413
w6rzRBHy1tk,entertainment,6,0.97,129774,376194,1.23
w77zPAtVTuI,entertainment,12,19.34,502552,1734598,2.45
w8AJBlmLMZM,comedy,18,2.28,123847,1360154,4.696
w8UI8r9Ccwk,science_tech,13,2.06,146513,1080339,3.104
w8vsuOXZBXc,music,7,1.37,717151,2899302,3.024
w9JrUVI_h4I,film,17,1.47,205418,1091528,4.693
wAQ7autd61g,music,12,2.27,93396,538169,5.102
wD5YzBDSXv8,people_blogs,9,2.12,216578,1094084,2.046
wDl6MlgL8PM,howto,10,5.29,12428,402902,5.487
wDrx1pxh-Po,howto,6,1.29,309974,1083002,2.038
wGjplV12k10,sports,9,3.44,63461,597667,2.126
wH-by1ydBTM,music,5,1.79,416013,1277479,1.864
wHedpg7buow,education,7,1.42,18778,105973,2.453
wI89nVn6LHk,entertainment,22,1.83,283678,2003345,5.18
wIimU5-UEPc,music,4,1.67,1557375,4080130,1.213
wJJqGh2HLM8,autos,7,1.02,729166,15904385,0.652
wJh-jurxmGQ,entertainment,6,2.53,14545,159532,
wNhYCsu3WWk,film,10,17.92,40884,344767,1.854
wPE9SdE7X_Q,education,4,2.29,6055,46685,1.862
wPib0uRFmC0,science_tech,4,3.14,8884,122974,1.443
wQFsKrYLd10,people_blogs,7,6.29,4735,155058,4.609
wQZ95eZQtBE,entertainment,4,2.46,19013,219805,3.805
wRNYoWFjmEc,people_blogs,6,1.14,1443629,4024771,1.274
wSwewlSkIXU,music,6,1.79,170372,1023627,33.698
wT_yPn3LfNA,people_blogs,16,1.12,783712,2477879,3.593
wV7RsaTY228,education,6,1.5,218952,631374,0.845
wW4JB9tjlik,entertainment,10,1.24,430225,1368300,1.591
w_b63zETbSs,entertainment,4,1.75,13380,54208,1.233
wa5eXqjEewE,news,9,8.17,12369,783712,22.635
wa9ZyarpM2U,entertainment,7,2.17,279579,1584020,2.193
wb49-oV0F78,film,8,0.99,7307025,15852974,1.615
wbSwFU6tY1c,science_tech,9,1.12,4230503,20658640,1.704
wbxblKFtGCg,music,13,1.22,181178,1045195,12.055
wc4v9uT6GWc,news,6,1.28,7516,24715,0.815
wcy08U4FC-Y,people_blogs,5,3.25,4505,76054,1.552
wd8h1iND_ys,science_tech,5,1.27,90232,406438,0.901
we5djgQwK9w,howto,17,1.38,937876,3512872,3.711
we_Cs4Q0P2A,people_blogs,6,2.71,8989,107120,6.741
weebcQPRGUE,pets,5,8.12,6495,164817,4.071
wextSFa6rmI,comedy,4,2.25,14408,94640,7.37
wfWIs2gFTAM,music,9,1.37,3736405,32730338,115.668
wgW2z_wXyOA,entertainment,5,13.06,14091,876320,
whwUlzuLfs4,music,15,2.42,122635,901063,2.675
wjOK-U2GhIs,howto,7,2.12,148992,1285332,1.896
wjj2upnfBI0,music,17,1.24,466964,3785623,23.604
wowAOdTYqw8,music,12,2.62,449997,6345613,16.649
wqEknnPadMA,entertainment,11,1.33,64262,306922,2.854
wrPEjEqURJg,education,5,3.33,13407,240955,3.168
wrpeEitIEpA,film,6,1.29,588546,1915926,1.525
wuEKwkTqdw4,news,6,1.79,6621,25203,0.738
wwX-RSqxEXc,entertainment,4,2.15,1972,28679,3.01
wx-M8sxcOp8,sports,6,1.79,187133,1462885,1.848
wylMwU1wEOM,music,15,4.42,751407,19150418,
wzKL-bQKcgA,comedy,6,1.23,3415080,17758014,16.649
x1l-HRvwnB4,people_blogs,10,8.37,16608,509583,
x2KAYep8FwI,entertainment,15,2.17,178083,2211297,3.754
x2u-KEex34A,sports,4,2.03,69462,509173,3.716
x3zQELlrY6A,people_blogs,4,2.37,527985,5213752,1.432
x4TZEVqKIvs,film,8,1.16,1434379,5986604,2.524
x7sagGvoRI0,science_tech,6,2.15,827,10194,3.14
x9e_8zRuuO8,music,11,2.18,25240,229374,3.167
xArN1yUcXXc,entertainment,5,1.25,94487,189308,0.775
xBiB4CIq9FE,howto,9,2.08,244998,2371234,2.822
xDsMX18qSfE,education,6,1.45,128907,400413,1.878
xF99M6Zilac,howto,8,2.17,719149,5452904,2.289
xGCnZ-9dPc0,science_tech,8,6.31,23231,301028,3.671
xGcrvGTMgkg,comedy,7,2.76,86125,179803,1.667
xGz_FZ0ePwE,music,6,1.33,510870,1244459,1.472
xIbQZpwVweE,people_blogs,5,1.82,75443,294356,1.147
xJrOUJpCxOE,comedy,4,3.23,393993,7418792,4.217
xL_qpDkF5A8,entertainment,5,0.94,221090,485303,1.488
xLkHEZTSeoU,howto,4,1.33,745051,3129042,1.424
xLtYmhj-0Kg,entertainment,8,2.29,715495,4266983,2.95
xNGFSEcRSZI,entertainment,4,2.68,48003,477381,0.985
xPsEiZAOb_I,entertainment,4,2.29,49967,296755,0.978
xTlNMmZKwpA,music,15,1.41,12496133,94254507,15.573
xVU8nEIsapY,comedy,16,2.27,140240,1165987,3.321
xXf2ct7C2fQ,entertainment,10,3.37,293636,1434219,2.878
xYtsL9znopI,music,9,1.42,1148740,6010383,11.471
xZNBFcwd7zc,film,9,1.41,5804611,19434177,1.944
x_IG4DeedB4,entertainment,7,1.5,120345,269804,1.228
x_joMJBrT34,comedy,15,1.3,786209,3644362,3.303
xe5tXZs-iWw,science_tech,15,2.39,126208,982180,3.574
xe8Id7pDNOM,science_tech,6,1.42,64182,322376,1.568
xegUPsJaUKc,people_blogs,5,1.25,24757,113748,1.168
xf-dywd3zx0,entertainment,12,1.49,389948,3132248,3.828
xf4iv4ic70M,howto,11,1.36,134346,537376,2.526
xfdUIY8rEmA,entertainment,11,1.33,265007,995670,1.85
xffS8n-M0Jg,comedy,12,1.98,199920,1685537,2.876
xi8u9DcC0_Q,comedy,5,2.29,50959,356481,2.324
xlQLyAOQXjQ,howto,4,3.25,86362,1050880,1.774
xp0m08eOD5U,music,5,1.37,60600,200958,2.783
xptpXSTtgSY,education,7,2.37,39936,304648,1.68
xqj7XOv9mC8,film,5,5.31,7714,1516213,3.354
xrMfUeOPWto,comedy,19,1.33,226585,1312364,6.065
xsqInns6LXQ,entertainment,6,2.18,967058,4399506,2.205
xtR7m-Fl-F0,education,6,7.04,16147,351991,5.73
xvmTr6S00Aw,entertainment,10,1.08,1028155,2915910,1.574
xwXP7vB4mlY,people_blogs,9,2.14,46790,497856,2.162
xxQhWrAcQnE,entertainment,6,1.29,1785512,5463288,0.666
y0BlGqwLLGQ,entertainment,9,2.3,14003,2109732,
y3qfeoqErtY,entertainment,8,1.35,839543,1841658,1.489
y4EbUvQ4a5s,film,4,1.37,15691,34232,1.035
y7QjFRtt-sg,people_blogs,6,1.17,90040,275230,1.301
y8lFgF_IjPw,film,7,1.46,699422,1865136,1.96
yA4xvRkZYjs,howto,4,3.33,59004,953936,2.381
yAqHUwjnue4,sports,9,2.08,28339,575083,2.104
yArprk0q9eE,education,5,2.37,82838,1026275,2.697
yBXcNcBnImc,autos,4,2.19,20736,277651,1.369
yDiXQl7grPQ,science_tech,14,2.24,8783109,42799458,2.62
yFRPhi0jhGc,education,8,6.29,10067,697217,10.604
yF_EbNjQq3E,music,4,1.76,5277,23082,3.706
yJqsPBWbtjk,entertainment,8,2.23,296073,1547151,2.307
yKVAhDbSito,howto,5,1.26,984472,3100935,1.147
yLdav-8af6g,film,5,2.12,41603,240314,1.012
yMf3dvNzXbU,comedy,8,3.08,52179,520071,3.208
yMvpbrJ1CWQ,comedy,6,1.75,352313,1983087,1.526
yN7N0P2TxHQ,music,6,1.29,253883,1086860,3.919
yO9snUMvRuU,music,16,2.17,223742,2593345,6.737
yOZf7zIf6fM,entertainment,5,1.81,41925,97710,0.819
yRCsqCC7PFg,comedy,5,1.11,110944,371024,1.38
ySBjb4_JGtY,howto,5,1.25,31393,104200,1.484
ySFJtla2LY4,entertainment,5,1.29,280575,647369,1.447
ySy8mcceTno,entertainment,5,1.33,1891246,6263424,2.058
yWjRvhfjpI8,comedy,13,1.84,167178,1229307,9.953
yXLo4iOb3GU,people_blogs,4,2.06,18818,175541,1.523
yZG0wggoEqI,entertainment,7,2.46,45059,989439,1.124
yZMRXTmFzPs,howto,7,0.91,194962,469727,1.643
y_WoOYybCro,entertainment,10,2.33,518586,2574791,3.056
ya6CQrFacIY,music,6,1.25,149844,499979,2.829
ycuMyyqBWQY,people_blogs,7,2.37,387728,3536070,1.529
ycy30LIbq4w,music,14,1.81,1053530,13075811,25.503
ydPYNo8o-lI,music,11,1.79,396638,3266179,12.472
yh1NAMi2oLg,travel,8,2.42,117153,2160639,
yigx1EjB85s,entertainment,5,2.08,14847,54338,1.557
yirvgC-kMq0,entertainment,5,3.39,458,3311,8.422
ykHeGtN4m94,film,8,1.1,883939,3064780,1.791
yleuZbY8rKk,entertainment,10,1.87,107901,446704,3.725
ys6KVWA4okw,entertainment,6,1.58,495815,1813877,1.227
yvicqMrAHvQ,travel,6,1.0,3693729,23932421,
ywcNsJb2v2U,pets,4,3.24,507227,2018667,3.844
ywm84JNihIg,film,11,3.25,120183,675659,2.615
yxFdue1dCtE,sports,4,1.95,8626,141492,0.828
yyr51Kznab4,people_blogs,5,2.28,66263,178900,0.544
z0UNp33SUTE,science_tech,5,1.29,62264,231108,1.172
z1FfOwjlqxU,sports,6,1.77,195482,1376133,1.469
z1Fvrmf4BXc,entertainment,12,3.09,608807,7497772,5.14
z3EN0dyR7W0,news,7,1.86,85344,603379,1.442
z6A2LHGx8_A,music,23,4.5,187403,4718392,
z91xQ5u-_wY,science_tech,4,2.12,5024,47299,4.242
zEf423kYfqk,music,18,1.55,7147630,104400749,
zF5Q4OhCVsI,people_blogs,5,1.18,86976,262553,1.355
zFPEOG1Yxvw,news,13,1.33,459538,1098673,1.147
zFYFHQq6dgs,howto,6,2.25,64633,368859,1.992
zFuOksI6AVg,entertainment,8,1.4,72707,344584,2.458
zG3PLW534Wg,people_blogs,6,2.49,20313,151744,1.741
zHxHdNOuxgY,music,6,2.42,34451,214028,4.704
zIiIcjfA2-I,education,4,1.04,5578,152916,1.323
zJ9kMg08Yds,people_blogs,4,2.37,154374,1252628,1.499
zLJsJR0O6VI,comedy,12,1.29,317986,1782889,3.662
zLuhCfBqf5U,howto,24,2.47,81818,677648,5.899
zMKI64iY2CY,autos,7,1.58,47937,302660,1.373
zNL_kGO6lQ8,entertainment,12,2.03,185847,1129870,5.617
zNqCVTs38nU,sports,4,1.91,32955,47760,0.555
zNqSvg5qwGw,news,5,2.36,337749,777617,1.294
zO0dIgvpmfw,howto,9,2.33,70232,598332,2.693
zOgle88sKro,education,6,1.33,161982,632018,1.139
zPJl2e38S4g,news,8,5.03,258753,2231688,8.775
zPm4rR1cmzU,entertainment,4,2.06,25843,490388,1.411
zT4DJKkN_Do,howto,10,1.65,35529,262018,4.382
zTY7dvFJbXY,music,10,2.32,96561,1329970,30.661
zUDcGDK_bRw,pets,6,2.2,214366,760120,1.601
zUrDUxh5xS0,education,6,1.31,114522,379054,3.235
zUzBfBqbSmc,music,11,3.04,298492,3350496,38.471
zV9XlOw0Dyw,people_blogs,5,2.07,72846,896921,
zWrMvW7S3tg,comedy,8,2.28,245318,1410203,1.998
zYX1bgxEAhw,entertainment,7,1.85,287005,1047573,1.608
zZ9FciUx6gs,music,6,1.35,150986,459969,2.491
zZTyHHxJAzw,science_tech,15,2.06,262179,3122263,3.936
zbtyaKAMDdk,people_blogs,4,2.29,181752,2084134,1.771
zcEE8J2Bqa8,comedy,12,4.23,8369,206126,7.119
zeO4C8e4pjw,sports,9,1.31,103089,466388,1.742
zfeN12n3fxk,howto,13,1.96,181652,1534016,3.072
zi_6oaQyckM,music,11,1.87,804865,7721222,5.105
zjgZuuE8OVc,howto,11,3.33,35020,261520,3.693
zkG4Xpz6t68,music,6,1.42,6058842,25142629,3.652
zsbT6NMUrSk,news,5,2.15,32185,155341,1.18
zslYmBRhdOM,people_blogs,5,1.2,9339,28179,1.045
zsoh0Y_VXdY,education,12,2.37,176136,656819,2.486
zuMkDVbThVw,entertainment,5,2.15,3404,52513,2.525
zuRd_Eneuk8,film,8,2.24,471833,2163062,2.273
zuVxgSvyffk,comedy,10,1.08,63568,129312,1.611
zwEn-ambXLw,music,11,4.65,26224,241668,7.072
zxUwbflE1SY,entertainment,4,2.46,17043,225280,1.727
zxwfDlhJIpw,people_blogs,21,1.34,2299314,8442986,3.3
